"Date","Sample Type","pH","Conductivity_Field","Turbidity","Nitrogen_Total","Phosphorus_Total"
"  ","R",8.56,0.52,1.7,0.41,0.01
22/01/1991 0:02,"R",8.5,0.51,0.9,0.21,0.01
5/02/1991 0:02,"R",8.2,0.5,1.6,0.25,0.01
19/02/1991 0:02,"R",8.64,0.42,2.4,0.25,0.02
5/03/1991 0:02,"R",8.88,0.47,1.3,0.22,0.01
21/03/1991 0:02,"R",8.2,0.4,1.7,0.25,0.13
3/04/1991 0:08,"R",8.31,0.47,2.5,0.2,0.01
16/04/1991 0:02,"R",8.72,0.49,1.2,0.31,0.04
30/04/1991 0:02,"R",8.4,0.37,1.4,0.25,0.01
14/05/1991 0:02,"R",8.23,0.56,2.1,0.27,0.02
28/05/1991 0:02,"R",8.13,0.43,1.9,0.27,0.01
10/06/1991 6:12,"F",,0.23,840,0.71,0.04
10/06/1991 12:41,"F",,0.23,1080,0.46,0.03
12/06/1991 0:02,"R",7.02,0.13,140,2.56,0.11
25/06/1991 0:02,"R",7.71,0.23,7.3,1.36,0.03
9/07/1991 0:02,"R",8.22,0.3,2.1,0.74,0.01
11/07/1991 10:35,"F",,0.2,730,2.53,0.54
11/07/1991 16:25,"F",,0.2,6500,0.49,0.02
11/07/1991 23:23,"F",,0.18,258,0.78,0.04
24/07/1991 0:01,"R",7.83,0.23,14.5,1.73,0.03
6/08/1991 0:02,"R",8.42,0.28,5,1.1,0.03
6/08/1991 14:37,"F",,0.28,21,1.23,0.02
20/08/1991 0:03,"R",8.48,0.33,4.9,0.99,0.02
3/09/1991 0:02,"R",8.29,0.42,6.4,0.2,0.01
17/09/1991 0:03,"R",7.72,0.37,6.8,0.86,0.06
1/10/1991 0:03,"R",8.04,0.22,3.4,0.5,0.02
15/10/1991 0:03,"R",8.23,0.35,1.6,0.52,0.04
29/10/1991 0:03,"R",8.36,0.41,1.7,0.42,0.01
12/11/1991 0:03,"R",8.31,0.35,4.6,0.49,0.01
28/11/1991 0:03,"R",8.32,0.46,2.4,0.48,0.02
9/12/1991 0:00,"R",,,,,
9/12/1991 0:03,"R",8.68,0.45,4.5,0.45,0.03
14/12/1991 4:05,"F",,0.33,21,1.65,0.02
17/12/1991 0:02,"R",8.2,0.25,9.1,0.33,0.01
2/01/1992 0:03,"R",8.27,0.27,1.5,0.27,0.03
14/01/1992 0:02,"R",8.36,0.2,12.8,0.36,0.02
28/01/1992 0:03,"R",8.05,0.28,5.6,0.36,0.01
8/02/1992 5:06,"F",,0.09,100,1.23,0.19
9/02/1992 10:33,"F",,0.21,730,1.27,0.64
9/02/1992 19:05,"F",,0.23,800,1.25,0.53
10/02/1992 7:00,"F",,0.11,358,0.78,0.46
11/02/1992 0:03,"R",7.25,0.16,179,1.04,0.11
25/02/1992 0:03,"R",7.91,0.27,4,0.5,0.02
6/03/1992 18:00,"F",,0.28,3.9,0.26,0.01
10/03/1992 0:03,"R",7.76,0.34,4.1,0.47,0.03
24/03/1992 0:03,"R",8.02,0.36,1.3,0.54,0.01
7/04/1992 0:01,"R",7.82,0.31,2.9,0.66,0.03
21/04/1992 0:02,"R",7.66,0.26,1.7,0.33,0.01
5/05/1992 0:01,"R",8.39,0.3,1.7,0.28,0
19/05/1992 0:03,"R",8.28,0.29,5.8,0.28,0.01
2/06/1992 0:03,"R",8.34,0.35,2.5,0.21,0
16/06/1992 0:03,"R",8.3,0.32,2.4,0.21,0.01
29/06/1992 22:14,"F",,,,0.46,0.02
30/06/1992 0:02,"R",8.21,0.36,8,0.36,0.02
14/07/1992 0:03,"R",8.28,0.34,3.4,0.36,0.01
11/08/1992 0:03,"R",7.83,0.46,1.25,0.31,0.01
25/08/1992 0:03,"R",8.39,0.62,0.76,0.36,0.01
8/09/1992 0:03,"R",8.24,0.62,0.87,0.31,0.02
22/09/1992 0:03,"R",8.5,0.56,0.95,0.31,0.04
6/10/1992 0:03,"R",8.47,0.53,1.06,0.31,0.03
20/10/1992 21:07,"F",,0.52,1.76,0.45,0.01
21/10/1992 0:02,"R",8.28,0.57,12.2,0.74,0.02
7/11/1992 0:02,"R",8.33,0.35,2.66,0.45,0.01
23/11/1992 0:04,"R",8.37,0.38,1.43,0.38,0.01
7/12/1992 10:18,"F",,0.41,5.96,0.35,0.01
10/01/1993 0:03,"R",8.4,0.35,4.01,0.38,0.01
27/01/1993 0:03,"R",8.2,0.39,2.34,0.55,0.01
11/02/1993 0:04,"R",8.31,0.33,1.38,0.39,0
27/02/1993 0:03,"R",8.39,0.37,1.53,0.38,0.01
15/03/1993 0:03,"R",8.5,0.32,2,0.38,0.01
26/03/1993 4:42,"F",,0.35,4.13,0.43,0.02
31/03/1993 0:02,"R",7.98,0.31,40.3,0.56,0.03
16/04/1993 0:02,"R",8.76,0.4,8.41,0.25,0.01
2/05/1993 0:03,"R",8.64,0.46,2.94,0.26,0.01
18/05/1993 0:03,"R",8.25,0.44,2.22,0.32,0
3/06/1993 0:03,"R",8.04,0.43,1.46,0.2,0
19/06/1993 0:03,"R",7.4,0.5,1.18,,
5/07/1993 0:03,"R",8.08,0.48,1.18,0.18,0
21/07/1993 0:03,"R",7.49,0.61,1.15,0.25,0
29/07/1993 13:25,"F",,0.59,,0.28,0.01
6/08/1993 0:03,"R",8.39,0.7,1.72,0.4,0
22/08/1993 0:03,"R",7.19,0.64,1.47,0.29,0.01
7/09/1993 0:03,"R",8.55,0.63,0.91,0.26,0.01
13/09/1993 14:18,"F",,,,0.48,0.02
23/09/1993 0:03,"R",8.26,0.52,5.97,0.58,0.02
9/10/1993 0:03,"R",7.52,0.48,5.8,0.54,0.02
25/10/1993 0:03,"R",8.5,0.52,2,0.52,0.02
10/11/1993 0:03,"R",9.16,0.47,1.04,0.51,0.01
26/11/1993 0:03,"R",8.54,0.43,1.17,0.34,0.01
12/12/1993 0:03,"R",8.7,0.45,1.34,0.34,0
23/12/1993 2:30,"F",,0.32,,,0.01
14/02/1994 0:00,"R",7.6,,4.68,0.57,0.02
16/03/1994 0:00,"R",8.2,0.47,0.88,0.36,0.01
13/04/1994 0:00,,,,105,1.5,0.1
13/04/1994 22:00,"A",,,11.2,,
14/04/1994 1:00,"A",,,15.5,,
14/04/1994 4:00,"A",,,91.2,,
14/04/1994 7:00,"A",,,96.4,,
14/04/1994 10:00,"A",,,182,,
14/04/1994 13:00,"A",,,265,,
14/04/1994 16:00,"A",,,193,,
14/04/1994 19:00,"A",,,164,,
14/04/1994 22:00,"A",,,159,,
15/04/1994 1:00,"A",,,159,,
15/04/1994 4:00,"A",,,85.7,,
15/04/1994 7:00,"A",,,63.2,,
15/04/1994 10:00,"A",,,56.1,,
15/04/1994 13:00,"A",,,49.8,,
15/04/1994 16:00,"A",,,45.3,,
15/04/1994 19:00,"A",,,43.5,,
15/04/1994 22:00,"A",,,39.3,,
16/04/1994 1:00,"A",,,40.2,,
16/04/1994 4:00,"A",,,40.8,,
16/04/1994 7:00,"A",,,39.3,,
16/04/1994 10:00,"A",,,35.6,,
16/04/1994 13:00,"A",,,34.7,,
16/04/1994 16:00,"A",,,34,,
17/04/1994 0:00,,7.39,,36.8,0.82,0.05
19/05/1994 0:00,,7.38,,0.54,0.39,0.01
20/06/1994 0:00,,7.54,,1.91,0.23,0.01
9/08/1994 0:00,,7.96,,1.11,0.24,0
26/09/1994 0:00,,8.91,,0.71,0.25,0.01
3/11/1994 0:00,,8.89,,0.9,0.22,0
14/12/1994 0:00,,8.5,,1.41,0.35,0.13
24/01/1995 0:00,,8.3,,5.4,0.31,0.01
30/01/1995 0:00,,,,,,
8/03/1995 0:00,,7.92,,2.86,0.33,0.01
20/04/1995 0:00,,8.29,,1.17,0.33,0.01
31/05/1995 0:00,,7.95,,8.39,0.75,0.02
13/07/1995 0:00,,8.27,,0.96,0.23,0
21/08/1995 0:00,,8.25,,1.23,0.43,0.01
25/09/1995 0:00,,,,241,1.3,0.14
25/09/1995 9:00,"A",,0.36,4.19,,
25/09/1995 12:00,"A",,0.33,6.77,,
25/09/1995 15:00,"A",,0.29,125,,
25/09/1995 18:00,"A",,0.15,576,,
25/09/1995 21:00,"A",,0.12,372,,
26/09/1995 0:00,"A",,0.12,226,,
26/09/1995 3:00,"A",,0.18,293,,
26/09/1995 6:00,"A",,0.18,267,,
26/09/1995 9:00,"A",,0.17,209,,
26/09/1995 12:15,"A",,0.15,211,,
26/09/1995 15:15,"A",,0.14,245,,
26/09/1995 18:30,"A",,0.15,197,,
26/09/1995 21:30,"A",,0.18,187,,
27/09/1995 0:45,"A",,0.18,164,,
27/09/1995 3:45,"A",,0.19,133,,
27/09/1995 6:45,"A",,0.19,123,,
27/09/1995 9:45,"A",,0.19,108,,
27/09/1995 12:45,"A",,0.18,103,,
4/10/1995 0:00,,8.12,,7.1,0.69,0.02
13/11/1995 0:00,,8.42,,1.03,0.6,0.01
23/11/1995 6:00,"A",,,2.39,,
23/11/1995 12:15,"A",,,1.68,,
23/11/1995 23:45,"A",,,2.3,,
28/12/1995 0:00,,9,,1.11,0.38,0.15
9/02/1996 0:00,,8.19,,1.64,0.47,0.01
20/03/1996 0:00,,8.5,,2.68,0.42,0.01
1/05/1996 0:00,,8.3,,2.03,0.36,0.01
5/05/1996 0:00,,,,14.5,0.52,0.05
5/05/1996 14:45,"A",,0.35,2.11,,
5/05/1996 17:45,"A",,0.35,2.03,,
5/05/1996 20:45,"A",,0.36,2.9,,
5/05/1996 23:45,"A",,0.35,3.03,,
6/05/1996 2:45,"A",,0.34,2.65,,
6/05/1996 5:45,"A",,0.32,2.73,,
6/05/1996 8:45,"A",,0.28,5.09,,
6/05/1996 11:45,"A",,0.22,8.69,,
6/05/1996 14:45,"A",,0.15,12.2,,
6/05/1996 17:45,"A",,0.12,12.6,,
6/05/1996 20:45,"A",,0.11,15.4,,
6/05/1996 23:45,"A",,0.13,13.3,,
7/05/1996 2:45,"A",,0.19,13.1,,
7/05/1996 5:45,"A",,0.24,15.1,,
7/05/1996 8:45,"A",,0.26,20.9,,
7/05/1996 11:45,"A",,0.25,20.6,,
7/05/1996 14:45,"A",,0.24,20.3,,
7/05/1996 17:45,"A",,0.23,20.9,,
7/05/1996 20:45,"A",,0.22,24.7,,
8/05/1996 0:00,,,,,0.74,0.03
11/06/1996 0:00,,8.31,,0.73,0.36,0.01
24/07/1996 0:00,,8.22,,0.95,0.27,0.01
28/07/1996 0:00,,,,10.2,0.41,0.04
28/07/1996 10:35,"A",,,1.74,,
28/07/1996 13:35,"A",,,1.47,,
28/07/1996 16:35,"A",,,1.52,,
28/07/1996 19:35,"A",,,1.48,,
28/07/1996 22:35,"A",,,2.74,,
29/07/1996 1:35,"A",,,1.85,,
29/07/1996 4:35,"A",,,1.64,,
29/07/1996 7:35,"A",,,2.04,,
29/07/1996 10:35,"A",,,1.6,,
29/07/1996 13:35,"A",,,2.3,,
29/07/1996 16:35,"A",,,2.24,,
29/07/1996 19:35,"A",,,2.81,,
29/07/1996 22:35,"A",,,2.3,,
30/07/1996 1:35,"A",,,3.32,,
30/07/1996 4:35,"A",,,6.33,,
30/07/1996 7:35,"A",,,11.5,,
30/07/1996 10:35,"A",,,15.6,,
30/07/1996 13:35,"A",,,16.2,,
30/07/1996 16:35,"A",,,16.3,,
30/07/1996 19:35,"A",,,19.1,,
30/07/1996 22:35,"A",,,20.3,,
31/07/1996 1:35,"A",,,21.2,,
31/07/1996 4:35,"A",,,21.1,,
31/07/1996 7:35,"A",,,16.8,,
31/07/1996 11:05,"A",,0.31,17.7,,
7/08/1996 0:00,,,,,0.4,0.01
1/09/1996 0:00,,,,104,1.52,0.2
1/09/1996 0:14,"A",,0.46,3.13,,
1/09/1996 3:14,"A",,0.46,4.16,,
1/09/1996 6:14,"A",,0.46,4.97,,
1/09/1996 9:14,"A",,0.37,113,,
1/09/1996 12:14,"A",,0.29,164,,
1/09/1996 15:14,"A",,0.24,138,,
1/09/1996 18:14,"A",,0.2,135,,
1/09/1996 21:14,"A",,0.16,149,,
3/09/1996 0:00,,,,23.4,0.86,0.06
3/09/1996 10:00,"A",,0.18,38,,
3/09/1996 10:01,"A",,0.17,37.6,,
3/09/1996 14:31,"A",,0.18,37.2,,
3/09/1996 18:30,"A",,0.18,28.1,,
3/09/1996 22:30,"A",,0.19,33.6,,
4/09/1996 2:30,"A",,0.19,35.3,,
4/09/1996 6:30,"A",,0.19,36.6,,
4/09/1996 10:30,"A",,0.22,42.4,,
4/09/1996 14:30,"A",,0.27,38.7,,
4/09/1996 18:30,"A",,0.31,33.5,,
4/09/1996 22:30,"A",,0.33,26.9,,
5/09/1996 2:30,"A",,0.34,22.2,,
5/09/1996 6:30,"A",,0.35,16.3,,
5/09/1996 10:30,"A",,0.37,17.5,,
5/09/1996 14:30,"A",,0.38,16.2,,
5/09/1996 18:30,"A",,0.39,10.8,,
5/09/1996 22:30,"A",,0.39,12.5,,
6/09/1996 2:30,"A",,0.4,10.3,,
6/09/1996 6:30,"A",,0.4,9.8,,
6/09/1996 10:30,"A",,0.4,10.8,,
6/09/1996 14:30,"A",,0.4,10.4,,
6/09/1996 18:30,"A",,0.4,8.52,,
6/09/1996 22:30,"A",,0.39,10.9,,
7/09/1996 2:30,"A",,0.39,12,,
7/09/1996 6:30,"A",,0.38,9.16,,
10/09/1996 0:00,,7.48,,11.2,0.79,0.04
10/09/1996 10:40,"A",,0.34,11.2,,
16/10/1996 0:00,,7.84,,1.38,0.51,0.01
18/10/1996 0:00,,,,68.1,1.84,0.16
18/10/1996 0:00,,,,55.3,1.18,0.11
27/11/1996 0:00,,8.37,,1.24,0.37,0.01
8/01/1997 0:00,,8.24,,0.75,0.4,0.01
30/01/1997 16:30,"A",,0.32,4.37,,
30/01/1997 19:30,"A",,0.37,1.94,,
30/01/1997 22:30,"A",,0.39,2.2,,
31/01/1997 1:30,"A",,0.39,1.83,,
31/01/1997 4:30,"A",,0.4,2.99,,
31/01/1997 7:30,"A",,0.39,1.85,,
31/01/1997 10:31,"A",,0.39,2.1,,
31/01/1997 13:30,"A",,0.38,1.77,,
31/01/1997 16:30,"A",,0.38,1.47,,
13/02/1997 0:00,,,,4.82,0.36,0.03
13/02/1997 3:17,"A",,,8.53,,
13/02/1997 6:17,"A",,,4.59,,
13/02/1997 9:17,"A",,,2.1,,
13/02/1997 12:17,"A",,,1.86,,
13/02/1997 15:17,"A",,,1.57,,
13/02/1997 18:17,"A",,,2.03,,
13/02/1997 21:17,"A",,,3.34,,
14/02/1997 0:17,"A",,,2.77,,
14/02/1997 3:17,"A",,,3.32,,
14/02/1997 6:17,"A",,,5.35,,
14/02/1997 9:17,"A",,,6.78,,
14/02/1997 12:17,"A",,,8.32,,
14/02/1997 15:17,"A",,,7.41,,
14/02/1997 18:17,"A",,,6.37,,
14/02/1997 21:17,"A",,,8.23,,
15/02/1997 0:17,"A",,,6.72,,
15/02/1997 3:17,"A",,,6.49,,
15/02/1997 6:17,"A",,,7.37,,
15/02/1997 9:17,"A",,,7.5,,
15/02/1997 12:17,"A",,,6.37,,
15/02/1997 15:17,"A",,,6.85,,
15/02/1997 18:17,"A",,,7.6,,
15/02/1997 21:17,"A",,,7.24,,
16/02/1997 0:17,"A",,,4.85,,
17/02/1997 0:00,,7.8,,3.21,0.22,0.01
7/04/1997 0:00,,7.75,,1.54,0.38,0.01
16/05/1997 0:00,,8.78,,1.51,0.38,0.03
18/05/1997 0:00,,,,1.9,2.16,0.01
18/05/1997 15:45,"A",,0.33,3.8,,
19/05/1997 3:45,"A",,0.33,3.9,,
19/05/1997 21:45,"A",,0.33,2,,
20/05/1997 15:45,"A",,0.33,2.2,,
21/05/1997 9:45,"A",,0.34,2.6,,
24/06/1997 0:00,,8.5,,0.8,0.24,0.01
27/06/1997 0:00,,,,538,2.64,0.26
27/06/1997 0:00,,,,506,1.98,0.13
27/06/1997 0:00,,,,470,1.83,0.1
27/06/1997 0:00,,,,272,1.41,0.08
27/06/1997 0:00,,,,7.3,0.9,0.01
27/06/1997 0:00,,,,5.5,1.07,0.01
27/06/1997 0:00,,,,3.9,1.31,0.01
27/06/1997 0:00,,,,2,14.8,0.01
28/06/1997 0:00,,,,450,2.33,0.23
28/06/1997 0:00,,,,362,0.3,0.23
28/06/1997 0:00,,,,538,3.36,0.31
28/06/1997 0:00,,,,486,3.03,0.32
28/06/1997 0:00,,,,349,3.08,0.32
28/06/1997 0:00,,,,409,1.9,0.13
28/06/1997 15:32,"A",,0.24,536,,
28/06/1997 21:32,"A",,0.22,418,,
29/06/1997 0:00,,,,190,1.98,0.12
29/06/1997 0:00,,,,216,2.02,0.15
29/06/1997 0:00,,,,329,1.95,0.18
29/06/1997 0:00,,,,431,2.36,0.27
29/06/1997 3:32,"A",,0.27,356,,
29/06/1997 9:32,"A",,0.18,152,,
29/06/1997 15:32,"A",,0.16,260,,
29/06/1997 21:32,"A",,0.16,202,,
30/06/1997 0:00,,,,134,1.82,0.09
30/06/1997 0:00,,,,156,1.85,0.1
30/06/1997 0:00,,,,136,1.85,0.1
30/06/1997 0:00,,,,184,1.98,0.11
30/06/1997 3:32,"A",,0.17,165,,
30/06/1997 9:32,"A",,0.16,118,,
30/06/1997 15:32,"A",,0.16,147,,
30/06/1997 21:32,"A",,0.16,130,,
1/07/1997 0:00,,,,80.1,1.84,0.08
1/07/1997 0:00,,,,97.7,1.79,0.08
1/07/1997 3:32,"A",,0.17,86.9,,
1/07/1997 6:32,"A",,0.18,84.6,,
1/07/1997 12:32,"A",,0.18,82,,
2/07/1997 0:00,,,,65.6,1.76,0.07
4/07/1997 0:00,,,,,1.4,0.06
21/07/1997 0:00,,6.65,,11.1,0.89,0.02
8/08/1997 0:00,,8.03,,3.83,0.67,0.02
8/09/1997 10:20,"A",,0.57,20.7,,
18/09/1997 0:00,,8.17,,4.05,0.59,0.01
26/09/1997 0:00,,,,,4.2,0.02
26/09/1997 5:15,"A",,0.42,11.3,,
26/09/1997 8:15,"A",,0.41,8.3,,
26/09/1997 11:15,"A",,0.41,9.6,,
26/09/1997 14:15,"A",,0.4,11.9,,
26/09/1997 17:15,"A",,0.4,8.9,,
26/09/1997 20:15,"A",,0.41,8.6,,
26/09/1997 23:15,"A",,0.41,12,,
27/09/1997 2:15,"A",,0.41,11.7,,
27/09/1997 5:15,"A",,0.41,10.8,,
27/09/1997 8:15,"A",,0.41,22.2,,
27/09/1997 11:15,"A",,0.41,17.1,,
27/09/1997 14:15,"A",,0.41,8.6,,
27/09/1997 17:15,"A",,0.41,15.9,,
27/09/1997 20:15,"A",,0.41,9.8,,
27/09/1997 23:15,"A",,0.4,11.7,,
28/09/1997 2:15,"A",,0.39,10.7,,
28/09/1997 8:15,"A",,0.37,12.5,,
28/09/1997 11:15,"A",,0.36,10.8,,
28/09/1997 14:15,"A",,0.35,8.6,,
28/09/1997 17:15,"A",,0.35,10.1,,
28/09/1997 20:15,"A",,0.34,12.4,,
28/09/1997 23:15,"A",,0.35,13.9,,
29/09/1997 2:15,"A",,0.35,11.1,,
1/10/1997 0:00,,,,,0.78,0.02
8/10/1997 18:13,"A",,0.35,8.66,,
8/10/1997 21:13,"A",,0.35,7.28,,
9/10/1997 0:13,"A",,0.35,8,,
9/10/1997 3:13,"A",,0.35,6.62,,
9/10/1997 6:13,"A",,0.36,4.69,,
9/10/1997 9:13,"A",,0.36,4.46,,
9/10/1997 12:13,"A",,0.36,7.01,,
9/10/1997 15:13,"A",,0.36,5.94,,
9/10/1997 18:13,"A",,0.36,6.24,,
9/10/1997 21:13,"A",,0.36,4.35,,
10/10/1997 0:13,"A",,0.37,8.6,,
10/10/1997 3:13,"A",,0.37,6.79,,
10/10/1997 9:13,"A",,0.37,5.29,,
10/10/1997 12:13,"A",,0.37,4.96,,
10/10/1997 15:13,"A",,0.37,4.54,,
10/10/1997 18:13,"A",,0.37,5.06,,
10/10/1997 21:13,"A",,0.36,6.44,,
11/10/1997 0:13,"A",,0.36,5.97,,
11/10/1997 3:13,"A",,0.36,5.78,,
11/10/1997 6:13,"A",,0.37,7.18,,
11/10/1997 9:13,"A",,0.37,6.9,,
11/10/1997 22:13,"A",,0.37,5.75,,
28/10/1997 0:00,,8.65,,1.7,0.48,0.01
3/03/1998 0:00,,8.52,,3.11,0.56,0.01
3/03/1998 0:00,,,,,0.55,0.01
25/05/1998 0:00,,8.14,,0.85,0.3,0.01
23/06/1998 0:00,,,,,0.53,0.01
30/06/1998 0:00,,,,,1.19,0.01
9/07/1998 0:00,,8.24,,5.11,0.76,0.01
26/07/1998 0:00,,,,8.32,0.64,0.01
1/08/1998 0:00,,,,14.6,1.02,0.03
7/08/1998 0:00,,,,1000,11.3,2.28
7/08/1998 0:00,,,,1000,6.78,1.47
7/08/1998 0:00,,,,14.7,1.21,0.02
8/08/1998 0:00,,,,663,5.56,1.25
10/08/1998 0:00,,,,92.4,1.42,0.08
14/08/1998 0:00,,,,21.8,1.4,0.03
18/08/1998 0:00,,,,214,1.76,0.16
21/08/1998 0:00,,7.52,,48.6,1.25,0.04
28/08/1998 0:00,,7.25,,39.3,1.18,0.07
14/09/1998 0:00,,7.95,,11.7,0.88,0.03
29/09/1998 0:00,,7.32,,3.4,0.5,0.01
20/10/1998 0:00,,,,12.4,2.13,0.04
20/10/1998 13:00,"A",,0.36,13.9,,
20/10/1998 16:00,"A",,0.43,7.38,,
20/10/1998 19:00,"A",,0.45,12,,
20/10/1998 22:00,"A",,0.45,20.5,,
21/10/1998 1:00,"A",,0.45,4.82,,
21/10/1998 4:00,"A",,0.45,13.4,,
21/10/1998 7:00,"A",,0.45,11.8,,
21/10/1998 10:00,"A",,0.45,9.94,,
21/10/1998 16:00,"A",,0.45,10.8,,
21/10/1998 19:00,"A",,0.45,8.55,,
21/10/1998 22:00,"A",,0.45,8.32,,
22/10/1998 0:00,,,,6.4,1.02,0.02
22/10/1998 1:00,"A",,0.45,9.9,,
22/10/1998 4:00,"A",,0.44,24.6,,
22/10/1998 7:00,"A",,0.42,13.9,,
22/10/1998 10:00,"A",,0.38,7.09,,
22/10/1998 16:15,"A",,0.34,7.3,,
22/10/1998 19:15,"A",,0.34,8.92,,
22/10/1998 22:15,"A",,0.37,8.46,,
23/10/1998 1:15,"A",,0.39,7.21,,
23/10/1998 4:15,"A",,0.42,6.39,,
23/10/1998 7:15,"A",,0.41,5.06,,
23/10/1998 10:15,"A",,0.4,6.1,,
9/11/1998 0:00,,8.27,,1.67,0.49,0.01
14/11/1998 0:00,,,,11.7,1.76,0.02
14/11/1998 5:30,"A",,0.4,16.2,,
14/11/1998 8:30,"A",,0.39,5.74,,
14/11/1998 12:30,"A",,0.39,5.16,,
14/11/1998 15:30,"A",,0.38,5.31,,
14/11/1998 18:30,"A",,0.38,5.57,,
14/11/1998 21:30,"A",,0.38,5.41,,
15/11/1998 0:30,"A",,0.36,6.08,,
15/11/1998 3:30,"A",,0.37,10.1,,
15/11/1998 6:30,"A",,0.35,13.7,,
15/11/1998 9:30,"A",,0.32,16,,
15/11/1998 12:30,"A",,0.33,11.8,,
15/11/1998 15:30,"A",,0.35,9.97,,
15/11/1998 18:30,"A",,0.36,10.1,,
15/11/1998 21:30,"A",,0.36,13,,
16/11/1998 0:30,"A",,0.34,15.7,,
16/11/1998 3:30,"A",,0.32,16.9,,
16/11/1998 6:30,"A",,0.31,19.7,,
16/11/1998 9:30,"A",,0.3,16.9,,
16/11/1998 12:30,"A",,0.3,14.6,,
16/11/1998 14:00,"A",,0.31,16.2,,
21/12/1998 0:00,,8.43,,1.55,0.37,0.01
22/12/1998 0:00,,,,,,
28/01/1999 0:00,"R",,,,0.49,0.01
29/01/1999 0:00,,8.73,,2.4,0.49,0.01
23/02/1999 0:00,,7.9,,1.6,0.42,0.01
22/03/1999 0:00,,8.7,,1.9,0.38,0.01
21/04/1999 0:00,,8.4,,1.4,0.27,0.01
20/05/1999 0:00,,7.7,,0.81,0.24,0
17/06/1999 0:00,,8.3,,1,0.2,0
13/07/1999 0:00,,8.3,,1,0.22,0
16/07/1999 0:00,,,,16.4,1.89,0.03
16/07/1999 6:15,"A",,0.37,17.3,,
16/07/1999 9:15,"A",,0.39,16.3,,
16/07/1999 11:29,"A",,0.41,16.7,,
16/07/1999 14:29,"A",,0.41,37.1,,
16/07/1999 17:29,"A",,0.41,28,,
16/07/1999 20:29,"A",,0.42,19.4,,
16/07/1999 23:29,"A",,0.42,13.8,,
17/07/1999 0:00,,,,6.2,0.87,0.02
17/07/1999 5:29,"A",,0.43,12.5,,
17/07/1999 8:29,"A",,0.45,14.6,,
17/07/1999 9:42,"A",,0.43,7.2,,
17/07/1999 9:57,"A",,0.43,7.8,,
17/07/1999 12:57,"A",,0.43,5.6,,
17/07/1999 15:57,"A",,0.41,7.1,,
17/07/1999 18:57,"A",,0.41,5.2,,
17/07/1999 21:57,"A",,0.41,5.3,,
18/07/1999 0:57,"A",,0.43,5.1,,
18/07/1999 3:57,"A",,0.43,4.3,,
18/07/1999 6:57,"A",,0.44,6,,
18/07/1999 9:57,"A",,0.43,4.9,,
18/07/1999 12:57,"A",,0.43,6.8,,
18/07/1999 15:57,"A",,0.42,8.8,,
18/07/1999 18:57,"A",,0.42,9,,
18/07/1999 21:57,"A",,0.41,9,,
19/07/1999 0:57,"A",,0.4,5.7,,
19/07/1999 3:57,"A",,0.39,7.9,,
19/07/1999 6:57,"A",,0.39,7.5,,
19/07/1999 9:57,"A",,0.38,7.3,,
19/07/1999 12:57,"A",,0.37,7,,
19/07/1999 15:57,"A",,0.36,8.5,,
19/07/1999 18:57,"A",,0.35,7.5,,
19/07/1999 21:57,"A",,0.34,7.5,,
20/07/1999 0:57,"A",,0.33,6.8,,
20/07/1999 3:57,"A",,0.32,6.8,,
22/07/1999 0:00,,,,8.4,0.44,0.01
12/08/1999 0:00,,7.9,,3.8,0.41,0.01
19/08/1999 0:57,"A",,0.29,9.6,,
19/08/1999 3:57,"A",,0.3,8,,
19/08/1999 6:57,"A",,0.3,7.5,,
19/08/1999 9:57,"A",,0.31,5.1,,
19/08/1999 12:57,"A",,0.31,5.6,,
19/08/1999 15:57,"A",,0.31,4.3,,
19/08/1999 18:57,"A",,0.31,4.9,,
19/08/1999 21:57,"A",,0.32,4.5,,
20/08/1999 0:57,"A",,0.33,4.2,,
20/08/1999 3:57,"A",,0.32,3.7,,
20/08/1999 6:57,"A",,0.34,3.9,,
20/08/1999 9:57,"A",,0.32,3.8,,
20/08/1999 12:57,"A",,0.33,4.8,,
20/08/1999 15:57,"A",,0.37,4.1,,
20/08/1999 18:57,"A",,0.36,3.4,,
20/08/1999 21:57,"A",,0.34,3.3,,
21/08/1999 0:57,"A",,0.36,5.6,,
21/08/1999 3:57,"A",,0.35,4.4,,
21/08/1999 6:57,"A",,0.34,5.1,,
21/08/1999 9:57,"A",,0.35,5.3,,
21/08/1999 12:57,"A",,0.34,3.4,,
21/08/1999 15:57,"A",,0.35,4.4,,
21/08/1999 18:57,"A",,0.35,3.8,,
21/08/1999 21:57,"A",,0.36,4.4,,
9/09/1999 0:00,,8.3,,0.8,0.35,0.01
5/10/1999 0:00,,8.3,,2,0.25,0.01
20/10/1999 12:45,"A",,0.47,15.6,,
22/10/1999 1:45,"A",,0.42,4,,
22/10/1999 7:15,"A",,0.39,4.7,,
24/10/1999 0:00,,,,108,1.33,0.11
24/10/1999 7:16,"A",,0.38,7.9,,
24/10/1999 7:40,"F",,0.24,173,,
24/10/1999 8:30,"F",,0.24,127,,
24/10/1999 9:20,"F",,0.24,319,,
24/10/1999 10:16,"A",,0.34,33.8,,
24/10/1999 10:55,"F",,0.16,114,,
24/10/1999 12:25,"F",,0.17,122,,
24/10/1999 13:16,"A",,0.28,36,,
24/10/1999 16:15,"A",,0.21,76,,
24/10/1999 19:16,"A",,0.16,133,,
24/10/1999 22:15,"A",,0.12,154,,
25/10/1999 1:15,"A",,0.15,110,,
25/10/1999 4:15,"A",,0.15,113,,
25/10/1999 7:15,"A",,0.17,126,,
25/10/1999 10:15,"A",,0.16,157,,
25/10/1999 13:15,"A",,0.18,148,,
25/10/1999 16:15,"A",,0.2,139,,
25/10/1999 19:15,"A",,0.18,120,,
25/10/1999 22:15,"A",,0.17,119,,
26/10/1999 0:00,,,,40.4,1.2,0.07
26/10/1999 1:15,"A",,0.17,106,,
26/10/1999 4:15,"A",,0.15,93.5,,
26/10/1999 7:15,"A",,0.14,85.9,,
26/10/1999 10:15,"A",,0.15,84.7,,
26/10/1999 12:45,"A",,0.25,81,,
26/10/1999 15:41,"A",,0.3,46.4,,
26/10/1999 18:42,"A",,0.32,50.8,,
26/10/1999 21:42,"A",,0.32,56.1,,
27/10/1999 0:42,"A",,0.32,58.7,,
27/10/1999 3:42,"A",,0.31,56.3,,
27/10/1999 6:42,"A",,0.31,65.5,,
27/10/1999 9:42,"A",,0.29,67.8,,
27/10/1999 12:42,"A",,0.27,59.1,,
27/10/1999 15:42,"A",,0.26,54.8,,
27/10/1999 18:42,"A",,0.25,52.1,,
27/10/1999 21:42,"A",,0.24,45.1,,
28/10/1999 0:42,"A",,0.23,41.5,,
28/10/1999 3:42,"A",,0.23,37.9,,
28/10/1999 6:42,"A",,0.22,36.4,,
28/10/1999 9:42,"A",,0.22,39.6,,
28/10/1999 12:42,"A",,0.22,34.7,,
28/10/1999 15:42,"A",,0.27,34.7,,
28/10/1999 18:42,"A",,0.22,25.6,,
28/10/1999 21:42,"A",,0.22,31,,
29/10/1999 0:42,"A",,0.22,29.7,,
29/10/1999 3:42,"A",,0.21,30,,
29/10/1999 6:42,"A",,0.21,30.6,,
29/10/1999 9:42,"A",,0.22,26.7,,
8/11/1999 0:00,,7.4,,4.2,0.51,0.03
10/11/1999 0:00,,,,,,
2/12/1999 0:00,,8.4,,1.6,0.41,0.01
3/12/1999 0:00,,,,,,
28/12/1999 0:00,,,,6.3,1.22,0.03
28/12/1999 6:45,"A",,0.37,7.6,,
28/12/1999 9:45,"A",,0.31,7.4,,
28/12/1999 12:45,"A",,0.3,4,,
28/12/1999 15:45,"A",,0.3,5.3,,
28/12/1999 18:45,"A",,0.31,4,,
28/12/1999 21:45,"A",,0.31,5.6,,
29/12/1999 0:45,"A",,0.31,3.3,,
29/12/1999 3:45,"A",,0.31,3.3,,
29/12/1999 6:45,"A",,0.3,4.3,,
29/12/1999 9:45,"A",,0.31,4.6,,
29/12/1999 12:45,"A",,0.31,3.3,,
29/12/1999 15:45,"A",,0.31,5,,
29/12/1999 18:45,"A",,0.3,3.6,,
29/12/1999 21:45,"A",,0.29,5.3,,
30/12/1999 0:45,"A",,0.28,5.2,,
30/12/1999 3:45,"A",,0.29,5,,
30/12/1999 6:45,"A",,0.3,4.2,,
30/12/1999 9:45,"A",,0.3,5.7,,
30/12/1999 12:45,"A",,0.29,7.7,,
30/12/1999 15:45,"A",,0.28,6.6,,
30/12/1999 18:45,"A",,0.28,7.8,,
30/12/1999 21:45,"A",,0.27,7.9,,
31/12/1999 0:00,,,,14.2,1,0.03
31/12/1999 0:00,,,,12.3,0.57,0.03
31/12/1999 0:45,"A",,0.26,9.3,,
31/12/1999 3:45,"A",,0.26,10.6,,
31/12/1999 13:00,"A",,0.26,25.5,,
31/12/1999 16:00,"A",,0.27,19.4,,
31/12/1999 19:00,"A",,0.27,21.9,,
31/12/1999 22:00,"A",,0.28,24.7,,
6/01/2000 0:00,,7.8,,2.4,0.41,0.01
10/01/2000 0:00,,,,,,
25/01/2000 0:00,,,,,,
25/01/2000 0:00,,8.1,,1.5,0.43,0.01
23/02/2000 0:00,,,,,,
23/02/2000 0:00,,8.5,,0.6,0.48,0.01
9/03/2000 0:00,,,,73.7,2.79,0.06
14/03/2000 0:00,,,,19.1,0.76,0.03
20/03/2000 0:00,,,,22.5,1.67,0.1
23/03/2000 0:00,,,,14,0.9,0.04
28/03/2000 0:00,,7.8,,8.5,0.45,0.02
6/04/2000 0:00,,,,12.1,1.14,0.01
18/04/2000 0:00,,7.7,,3.5,0.36,0.01
17/05/2000 0:00,,8.2,,1.7,0.28,0.01
16/06/2000 0:00,,,,,,
16/06/2000 0:00,,7.5,,1.4,0.17,0
2/07/2000 0:01,"C",,0.36,3.7,0.55,0.01
17/07/2000 14:30,"R",8.3,0.33,2.7,0.35,0.01
18/07/2000 0:00,,,,,,
9/08/2000 13:30,"R",7.5,0.42,1.1,0.3,0.01
10/08/2000 0:00,,,,,,
6/09/2000 0:00,,,,,,
6/09/2000 0:00,,,,,,
6/09/2000 9:00,"R",7.9,0.51,1.2,0.26,0.01
5/10/2000 0:00,,,,,,
5/10/2000 0:00,,,,,,
5/10/2000 11:30,"R",8.6,0.53,0.8,0.29,0.01
24/10/2000 15:10,"C",,0.45,9.8,0.86,0.02
3/11/2000 0:00,,,,,,
3/11/2000 0:00,,,,,,
3/11/2000 9:00,"R",8,0.45,3.3,0.37,0.01
15/11/2000 8:45,"C",,0.26,26.6,1.15,0.04
17/11/2000 14:55,"C",,0.2,80.3,1.25,0.07
21/11/2000 14:25,"C",,0.22,18,1.03,0.03
24/11/2000 9:30,"A",,0.28,7.9,0.58,0.02
30/11/2000 16:00,"R",7.9,0.39,4.8,0.58,0.02
28/12/2000 0:00,,,,,,
28/12/2000 0:00,,,,,,
29/12/2000 10:20,"R",8.1,0.39,1.5,0.5,0.01
25/01/2001 0:00,,,,,,
25/01/2001 0:00,,,,,,
25/01/2001 9:00,"R",7.6,0.44,3,0.66,0.01
6/02/2001 4:30,"C",,0.3,22.4,1.03,0.03
9/02/2001 11:00,"A",,0.43,6.3,0.7,0.02
12/02/2001 13:00,"A",,0.33,5.5,0.71,0.02
23/02/2001 0:00,,,,,,
23/02/2001 0:00,,,,,,
23/02/2001 13:00,"R",8.1,0.32,1.4,0.55,0.01
20/03/2001 10:20,"R",7.6,0.31,2,0.38,0.01
23/04/2001 11:30,"R",7.9,0.32,1.4,0.33,0.01
15/05/2001 9:15,"R",7.4,0.28,,0.26,0.01
14/06/2001 0:00,"N",,,,,
14/06/2001 0:00,"N",,,,,
14/06/2001 10:35,"R",7,0.71,,0.23,0
13/07/2001 0:00,"R",7.2,0.71,5.1,0.19,0
13/07/2001 0:00,"R",7.2,0.71,5.1,0.19,0
8/08/2001 0:00,"R",8.2,0.3,1.7,0.42,0.01
8/08/2001 0:00,"R",8.2,0.3,1.7,0.42,0.01
10/08/2001 0:00,"N",,,,,
10/08/2001 0:00,"N",,,,,
28/08/2001 21:40,"A",,0.31,3.9,,
29/08/2001 0:40,"A",,0.29,33.5,,
29/08/2001 3:40,"A",,0.31,36.5,,
29/08/2001 6:40,"A",,0.29,15.9,,
29/08/2001 9:40,"A",,0.31,19.4,,
29/08/2001 12:40,"A",,0.31,16.3,,
29/08/2001 15:40,"A",,0.3,12.1,,
29/08/2001 18:40,"A",,0.31,15,,
29/08/2001 21:40,"A",,0.3,19.5,,
30/08/2001 0:40,"A",,0.31,25.5,,
30/08/2001 3:40,"A",,0.32,25.4,,
30/08/2001 6:40,"A",,0.32,27.7,,
30/08/2001 9:40,"A",,0.32,24.5,,
30/08/2001 12:40,"A",,0.32,27.1,,
30/08/2001 15:40,"A",,0.34,28,,
30/08/2001 18:40,"A",,0.36,27.7,,
30/08/2001 21:40,"A",,0.38,29.9,,
31/08/2001 0:40,"A",,0.39,33,,
31/08/2001 3:40,"A",,0.39,31,,
31/08/2001 6:40,"A",,0.36,28.4,,
31/08/2001 9:40,"A",,0.37,29,,
31/08/2001 12:40,"A",,0.42,20,,
31/08/2001 15:40,"A",,0.46,26.8,,
31/08/2001 18:40,"A",,0.5,23.7,,
2/09/2001 0:00,"R",,0.41,23.4,1.17,0.06
3/09/2001 0:00,"C",,0.35,17.9,0.82,0.03
3/09/2001 10:15,"A",,0.41,14.8,,
3/09/2001 13:15,"A",,0.39,15.7,,
3/09/2001 16:15,"A",,0.39,21.4,,
3/09/2001 19:15,"A",,0.39,21.8,,
3/09/2001 22:15,"A",,0.38,16.9,,
4/09/2001 1:15,"A",,0.38,29.5,,
4/09/2001 4:15,"A",,0.38,17.1,,
4/09/2001 7:15,"A",,0.37,17.4,,
4/09/2001 10:15,"A",,0.37,15.9,,
4/09/2001 13:15,"A",,0.37,14.8,,
4/09/2001 16:15,"A",,0.37,15.7,,
4/09/2001 19:15,"A",,0.37,17.8,,
4/09/2001 22:15,"A",,0.36,16.8,,
5/09/2001 1:15,"A",,0.36,15.2,,
5/09/2001 4:15,"A",,0.36,15.3,,
5/09/2001 7:15,"A",,0.36,14.5,,
5/09/2001 10:15,"A",,0.36,13.6,,
5/09/2001 13:15,"A",,0.36,14.2,,
5/09/2001 16:15,"A",,0.36,14.4,,
5/09/2001 19:15,"A",,0.36,15.4,,
5/09/2001 22:15,"A",,0.36,14.4,,
6/09/2001 0:00,"C",,0.37,14.3,0.68,0.03
6/09/2001 1:15,"A",,0.36,13.4,,
6/09/2001 4:15,"A",,0.36,10.8,,
6/09/2001 7:15,"A",,0.36,13.2,,
10/09/2001 0:00,"W",,0.35,11.7,,
14/09/2001 12:50,"A",,0.34,5.2,,
14/09/2001 15:50,"A",,0.33,3.6,,
14/09/2001 18:50,"A",,0.33,6.4,,
14/09/2001 21:50,"A",,0.33,3.7,,
15/09/2001 0:50,"A",,0.33,4.1,,
15/09/2001 3:50,"A",,0.34,5.5,,
15/09/2001 6:50,"A",,0.33,4.3,,
15/09/2001 9:50,"A",,0.34,5.6,,
15/09/2001 12:50,"A",,0.34,7.8,,
15/09/2001 15:50,"A",,0.34,9.5,,
15/09/2001 18:50,"A",,0.33,17.3,,
15/09/2001 21:50,"A",,0.32,9.2,,
16/09/2001 0:50,"A",,0.32,8.1,,
16/09/2001 3:50,"A",,0.36,7.8,,
16/09/2001 6:50,"A",,0.41,6.6,,
16/09/2001 9:50,"A",,0.43,5.4,,
16/09/2001 12:50,"A",,0.43,3.7,,
16/09/2001 15:50,"A",,0.44,4.9,,
16/09/2001 18:50,"A",,0.45,4.1,,
16/09/2001 21:50,"A",,0.45,5.4,,
17/09/2001 0:50,"A",,0.45,6.2,,
17/09/2001 3:50,"A",,0.45,6.1,,
17/09/2001 6:50,"A",,0.45,4,,
17/09/2001 9:50,"A",,0.45,4.6,,
20/09/2001 0:00,"W",,0.37,6.1,0.7,0.03
21/09/2001 0:00,"C",,0.38,6.2,0.69,0.02
4/10/2001 23:50,"A",,0.38,10.9,,
5/10/2001 2:50,"A",,0.38,35.9,,
5/10/2001 5:50,"A",,0.38,10,,
5/10/2001 8:50,"A",,0.37,5.9,,
5/10/2001 11:50,"A",,0.38,7.8,,
5/10/2001 14:50,"A",,0.38,4.9,,
5/10/2001 17:50,"A",,0.38,6,,
5/10/2001 20:50,"A",,0.38,7.2,,
5/10/2001 23:50,"A",,0.38,3.7,,
6/10/2001 2:50,"A",,0.38,4.1,,
6/10/2001 5:50,"A",,0.38,4.1,,
6/10/2001 8:50,"A",,0.39,4,,
6/10/2001 11:50,"A",,0.39,4.9,,
6/10/2001 14:50,"A",,0.39,5.1,,
6/10/2001 17:50,"A",,0.39,5.7,,
6/10/2001 20:50,"A",,0.38,5.4,,
6/10/2001 23:50,"A",,0.38,5.9,,
7/10/2001 2:50,"A",,0.36,6.9,,
7/10/2001 5:50,"A",,0.35,8.6,,
7/10/2001 8:50,"A",,0.35,9.2,,
7/10/2001 11:50,"A",,0.34,8.2,,
7/10/2001 14:50,"A",,0.32,8.3,,
7/10/2001 17:50,"A",,0.32,7.3,,
9/10/2001 10:00,"R",7.8,0.26,3.2,0.5,0.01
15/10/2001 20:50,"A",,0.42,7,,
14/11/2001 0:00,"R",8.7,0.38,1.4,0.39,0.01
14/11/2001 0:00,"R",8.7,0.38,1.4,0.39,0.01
27/11/2001 12:00,"R",7.8,0.38,1.4,0.38,0.01
6/02/2002 0:00,"C",,0.42,241,2.18,0.2
6/02/2002 1:45,"A",,0.62,43.2,,
6/02/2002 4:45,"A",,0.47,40.9,,
6/02/2002 7:45,"A",,0.43,243,,
6/02/2002 10:45,"A",,0.42,255,,
6/02/2002 13:45,"A",,0.42,288,,
6/02/2002 16:45,"A",,0.37,456,,
6/02/2002 19:45,"A",,0.31,577,,
6/02/2002 22:45,"A",,0.3,619,,
7/02/2002 1:45,"A",,0.31,336,,
7/02/2002 4:45,"A",,0.31,248,,
7/02/2002 7:45,"A",,0.31,197,,
7/02/2002 10:45,"A",,0.31,139,,
7/02/2002 13:45,"A",,0.3,135,,
7/02/2002 16:45,"A",,0.29,127,,
7/02/2002 19:45,"A",,0.28,98,,
7/02/2002 22:45,"A",,0.25,96,,
8/02/2002 1:45,"A",,0.23,73.4,,
10/02/2002 0:00,"W",,,,1.1,0.04
15/02/2002 0:00,"W",,0.33,13.1,0.53,0.02
15/02/2002 12:10,"A",,0.31,42.6,,
15/02/2002 15:10,"A",,0.32,40.9,,
15/02/2002 18:10,"A",,0.31,35.2,,
15/02/2002 21:10,"A",,0.31,23.5,,
16/02/2002 0:00,"C",,0.33,86.4,1,0.08
16/02/2002 0:10,"A",,0.31,22.2,,
16/02/2002 3:10,"A",,0.3,21.3,,
16/02/2002 6:10,"A",,0.29,19.1,,
16/02/2002 9:10,"A",,0.28,13.9,,
16/02/2002 12:10,"A",,0.29,21.1,,
16/02/2002 15:10,"A",,0.29,20,,
16/02/2002 18:10,"A",,0.29,27.9,,
16/02/2002 21:10,"A",,0.3,24,,
17/02/2002 0:00,"S",,0.46,63.4,0.76,0.06
17/02/2002 0:00,"S",,0.48,16.4,0.64,0.04
17/02/2002 0:00,"S",,0.48,7.3,0.64,0.05
17/02/2002 0:10,"A",,0.32,19.1,,
17/02/2002 3:10,"A",,0.35,15.4,,
17/02/2002 6:10,"A",,0.39,14.1,,
17/02/2002 9:10,"A",,0.42,10.6,,
17/02/2002 12:10,"A",,0.45,7.6,,
17/02/2002 15:10,"A",,0.48,7.3,,
17/02/2002 18:10,"A",,0.48,16.4,,
17/02/2002 21:10,"A",,0.46,63.4,,
18/02/2002 0:00,"S",,0.29,545,1.07,0.27
18/02/2002 0:00,"S",,0.3,602,1.06,0.25
18/02/2002 0:00,"S",,0.34,495,1.04,0.26
18/02/2002 0:00,"S",,0.41,204,0.91,0.11
18/02/2002 1:10,"A",,0.41,204,,
18/02/2002 3:10,"A",,0.34,495,,
18/02/2002 6:10,"A",,0.3,602,,
18/02/2002 9:10,"A",,0.29,545,,
19/02/2002 0:00,"C",,0.26,102,0.62,0.04
19/02/2002 0:00,"C",,0.25,190,0.57,0.06
19/02/2002 11:50,"A",,0.21,361,,
19/02/2002 12:00,"R",7.1,0.21,425,0.74,0.1
19/02/2002 14:50,"A",,0.22,313,,
19/02/2002 17:50,"A",,0.22,356,,
19/02/2002 20:50,"A",,0.21,354,,
19/02/2002 23:50,"A",,0.21,336,,
20/02/2002 2:50,"A",,0.22,285,,
20/02/2002 5:50,"A",,0.22,238,,
20/02/2002 8:50,"A",,0.23,210,,
20/02/2002 11:50,"A",,0.23,192,,
20/02/2002 14:50,"A",,0.23,190,,
20/02/2002 17:50,"A",,0.23,156,,
20/02/2002 20:50,"A",,0.24,137,,
20/02/2002 23:50,"A",,0.25,98.8,,
21/02/2002 2:50,"A",,0.26,84.8,,
21/02/2002 5:50,"A",,0.27,96.3,,
21/02/2002 8:50,"A",,0.27,92.7,,
21/02/2002 11:50,"A",,0.29,80.1,,
21/02/2002 14:50,"A",,0.3,83.5,,
21/02/2002 17:50,"A",,0.3,69.5,,
21/02/2002 20:50,"A",,0.31,72,,
21/02/2002 23:50,"A",,0.32,67.9,,
22/02/2002 0:00,"C",,0.37,24.3,0.54,0.04
22/02/2002 2:50,"A",,0.33,55.8,,
22/02/2002 5:50,"A",,0.33,49.1,,
22/02/2002 8:50,"A",,0.33,59.9,,
22/02/2002 12:05,"A",,0.33,47.8,,
22/02/2002 15:05,"A",,0.34,44.3,,
22/02/2002 18:05,"A",,0.4,43.7,,
22/02/2002 21:05,"A",,0.4,33.6,,
23/02/2002 0:05,"A",,0.4,32.2,,
23/02/2002 3:05,"A",,0.39,33.9,,
23/02/2002 6:05,"A",,0.4,32.3,,
23/02/2002 9:05,"A",,0.41,33.7,,
23/02/2002 12:05,"A",,0.41,32,,
23/02/2002 15:05,"A",,0.41,32.7,,
23/02/2002 18:05,"A",,0.42,33.1,,
23/02/2002 21:05,"A",,0.42,32.2,,
24/02/2002 0:05,"A",,0.41,31.8,,
24/02/2002 3:05,"A",,0.41,32.3,,
24/02/2002 6:05,"A",,0.41,31.2,,
24/02/2002 9:05,"A",,0.41,29.4,,
24/02/2002 12:05,"A",,0.41,29.9,,
24/02/2002 15:05,"A",,0.41,28.3,,
24/02/2002 18:05,"A",,0.41,27.9,,
24/02/2002 21:05,"A",,0.41,27.1,,
25/02/2002 0:00,"W",,0.42,18.1,0.47,0.02
25/02/2002 0:05,"A",,0.41,28.3,,
25/02/2002 3:05,"A",,0.42,26.3,,
25/02/2002 6:05,"A",,0.43,27.1,,
25/02/2002 9:05,"A",,0.43,24.6,,
27/03/2002 12:00,"R",8.1,0.51,8.3,0.51,0.01
28/03/2002 0:00,"C",,0.22,362,1.1,0.13
28/03/2002 23:15,"A",,0.47,17.3,,
29/03/2002 0:00,"C",,0.19,462,1.27,0.13
29/03/2002 2:15,"A",,0.45,21.5,,
29/03/2002 5:15,"A",,0.45,16,,
29/03/2002 8:15,"A",,0.4,32,,
29/03/2002 11:15,"A",,0.38,79.9,,
29/03/2002 14:15,"A",,0.34,415,,
29/03/2002 17:15,"A",,0.22,1000,,
29/03/2002 20:15,"A",,0.15,1000,,
29/03/2002 23:15,"A",,0.13,1000,,
30/03/2002 2:15,"A",,0.14,1000,,
30/03/2002 5:15,"A",,0.15,864,,
30/03/2002 8:15,"A",,0.15,721,,
30/03/2002 11:15,"A",,0.15,484,,
30/03/2002 14:15,"A",,0.14,489,,
30/03/2002 17:15,"A",,0.13,295,,
30/03/2002 20:15,"A",,0.14,244,,
30/03/2002 23:15,"A",,0.15,179,,
31/03/2002 2:15,"A",,0.17,166,,
31/03/2002 5:15,"A",,0.17,159,,
31/03/2002 8:15,"A",,0.18,171,,
31/03/2002 11:15,"A",,0.18,157,,
31/03/2002 14:15,"A",,0.18,143,,
31/03/2002 17:15,"A",,0.18,146,,
31/03/2002 20:15,"A",,0.18,100,,
1/04/2002 16:30,"A",,0.19,96.7,,
1/04/2002 19:30,"A",,0.19,52.9,,
1/04/2002 22:30,"A",,0.19,49.1,,
2/04/2002 1:30,"A",,0.19,42.3,,
2/04/2002 4:30,"A",,0.2,54.8,,
2/04/2002 7:30,"A",,0.2,43.7,,
2/04/2002 10:30,"A",,0.2,42.8,,
2/04/2002 13:30,"A",,0.21,39.6,,
2/04/2002 16:30,"A",,0.21,42.7,,
2/04/2002 19:30,"A",,0.21,38.8,,
2/04/2002 22:30,"A",,0.21,27.9,,
3/04/2002 19:30,"A",,0.23,14.7,,
4/04/2002 0:00,"W",,0.24,17.1,0.48,0.02
30/04/2002 12:00,"R",7.8,0.31,5.6,0.29,0.01
14/05/2002 12:00,"R",8.1,0.37,4.2,0.3,0.01
11/06/2002 12:00,"R",8.3,0.35,2.8,0.29,0.01
9/07/2002 12:00,"R",8,0.34,2.3,0.21,0
5/08/2002 12:00,"R",8.2,0.34,2.1,0.22,0
4/09/2002 12:00,"R",8.2,0.37,2.3,0.22,0.01
2/10/2002 12:00,"R",8.2,0.43,3.4,0.33,0.01
29/10/2002 12:00,"R",8.9,0.5,5.2,0.48,0.02
18/03/2003 12:00,"R",8.1,0.46,5.6,0.45,0.02
14/04/2003 12:00,"R",8,0.37,4.2,0.34,0.01
13/05/2003 12:00,"R",7.4,0.46,7.6,0.27,0.01
18/05/2003 0:00,"A",,0.48,11.8,,
18/05/2003 3:00,"A",,0.47,10.2,,
18/05/2003 6:00,"A",,0.47,8.5,,
18/05/2003 9:00,"A",,0.48,10.1,,
18/05/2003 12:00,"A",,0.48,12.4,,
18/05/2003 15:00,"A",,0.48,14.3,,
18/05/2003 18:00,"A",,0.47,12.5,,
18/05/2003 21:00,"A",,0.46,14.8,,
19/05/2003 0:00,"A",,0.43,17.7,,
19/05/2003 3:00,"A",,0.41,14.3,,
19/05/2003 6:00,"A",,0.38,16.2,,
19/05/2003 9:00,"A",,0.34,19.7,,
19/05/2003 12:00,"A",,0.3,24.2,,
19/05/2003 15:00,"A",,0.29,19.2,,
19/05/2003 18:00,"A",,0.47,14,,
19/05/2003 21:00,"A",,0.41,16.8,,
20/05/2003 0:00,"A",,0.38,19.8,,
20/05/2003 3:00,"A",,0.38,16.3,,
20/05/2003 6:00,"A",,0.36,15.8,,
20/05/2003 9:00,"A",,0.34,15.2,,
20/05/2003 12:00,"A",,0.36,9.2,,
20/05/2003 15:00,"A",,0.34,9,,
20/05/2003 18:00,"A",,0.36,9.2,,
20/05/2003 21:00,"A",,0.38,10.1,,
23/05/2003 0:00,"W",,0.29,4,0.87,0.02
24/05/2003 0:00,"C",,0.4,6,1.04,0.06
24/05/2003 0:00,"C",,0.38,8.1,0.41,0.02
28/05/2003 5:00,"A",,0.27,10.7,,
28/05/2003 8:00,"A",,0.25,9,,
28/05/2003 11:00,"A",,0.26,7.4,,
28/05/2003 14:00,"A",,0.28,7.1,,
28/05/2003 17:00,"A",,0.29,5.4,,
28/05/2003 20:00,"A",,0.3,6.4,,
28/05/2003 23:00,"A",,0.3,5.4,,
29/05/2003 2:00,"A",,0.3,6.7,,
29/05/2003 5:00,"A",,0.3,8.1,,
29/05/2003 8:00,"A",,0.29,6.7,,
29/05/2003 11:00,"A",,0.29,8.8,,
29/05/2003 14:00,"A",,0.29,9.9,,
29/05/2003 17:00,"A",,0.29,8.3,,
29/05/2003 20:00,"A",,0.28,9.5,,
29/05/2003 23:00,"A",,0.28,9.4,,
30/05/2003 2:00,"A",,0.26,10.4,,
30/05/2003 5:00,"A",,0.26,8.4,,
30/05/2003 8:00,"A",,0.25,9.5,,
30/05/2003 11:00,"A",,0.25,9.4,,
30/05/2003 12:00,"S",7.4,0.24,,1.77,0.03
30/05/2003 14:00,"A",,0.24,8.7,,
6/06/2003 0:00,"S",7.1,0.25,,0.87,0.02
12/06/2003 0:00,"S",6.7,0.22,5.5,1.09,0.02
12/06/2003 12:00,"R",6.7,0.22,5.5,1.05,0.02
8/07/2003 0:00,"R",7.7,0.18,5.5,0.6,0.02
25/07/2003 0:00,"S",7.6,0.14,4.2,0.56,0.01
5/08/2003 0:00,"R",7.5,0.13,3.7,0.51,0.02
22/08/2003 0:00,"S",7.5,0.12,4.9,0.56,0.02
1/09/2003 0:00,"R",7.3,0.17,4.8,0.43,0.02
19/09/2003 0:00,"S",7.4,,5.7,0.62,0.02
30/09/2003 0:00,"R",7.1,0.17,4.2,0.44,0.02
17/10/2003 0:00,"S",7.8,0.4,3.8,0.45,0.01
27/10/2003 0:00,"R",8.2,0.35,3.9,0.37,0.01
14/11/2003 0:00,"S",7.6,0.34,15.2,0.43,0.02
24/11/2003 15:31,"A",,0.34,3.1,,
24/11/2003 15:31,"A",,0.33,3.2,,
24/11/2003 15:31,"A",,0.33,3.1,,
24/11/2003 15:31,"A",,0.33,5.5,,
24/11/2003 15:31,"A",,0.33,8.6,,
24/11/2003 15:31,"A",,0.33,11.5,,
24/11/2003 15:31,"A",,0.35,5.1,,
24/11/2003 16:54,"C",,0.35,6.8,0.44,0.02
25/11/2003 15:31,"A",,0.35,9,,
25/11/2003 15:31,"A",,0.35,6.5,,
25/11/2003 15:31,"A",,0.35,5,,
25/11/2003 15:31,"A",,0.35,6.2,,
25/11/2003 15:31,"A",,0.35,6.3,,
25/11/2003 15:31,"A",,0.35,7.4,,
25/11/2003 15:31,"A",,0.35,5.1,,
25/11/2003 15:31,"A",,0.34,3.3,,
26/11/2003 15:31,"A",,0.35,16.2,,
26/11/2003 15:31,"A",,0.35,10.2,,
26/11/2003 15:31,"A",,0.35,9.5,,
26/11/2003 15:31,"A",,0.35,7,,
26/11/2003 15:31,"A",,0.35,7.2,,
26/11/2003 15:31,"A",,0.35,7.6,,
30/11/2003 0:00,"R",8.3,0.3,4.1,0.31,0.01
11/12/2003 13:45,"S",8,0.47,5.6,0.37,0.01
17/12/2003 0:00,"R",8.4,0.28,5.5,0.42,0.01
8/01/2004 14:19,"S",6.9,0.15,7.8,0.39,0.02
21/01/2004 0:00,"R",7.5,0.21,6.3,0.39,0.02
5/02/2004 0:00,"S",7.6,0.17,7.3,0.56,0.02
17/02/2004 0:00,"R",8.5,0.18,11.8,0.45,0.03
4/03/2004 0:00,"S",7.3,0.2,11.4,0.5,0.03
4/03/2004 0:00,"D",,,,0.54,0.03
24/03/2004 0:00,"R",8.5,0.27,9.1,0.48,0.02
30/03/2004 0:00,"S",7.2,0.21,11.7,0.49,0.03
14/04/2004 0:00,"R",8.4,0.22,7.6,0.4,0.02
29/04/2004 0:00,"S",7.1,0.19,11.6,0.46,0.02
10/05/2004 0:00,"R",7.2,0.12,5.1,0.4,0.01
27/05/2004 0:00,"S",6.9,0.12,4.2,0.36,0.01
7/06/2004 0:00,"R",7.3,0.13,3.5,0.31,0.01
25/06/2004 0:00,"S",7.2,0.14,3.7,0.27,0.01
6/07/2004 0:00,"R",7.2,0.15,4.4,0.24,0.01
22/07/2004 0:00,"S",6.9,0.15,3,0.24,0.01
2/08/2004 0:00,"R",7.3,0.16,5.9,0.25,0.01
19/08/2004 0:00,"S",7,0.16,4.3,0.25,0.01
31/08/2004 0:00,"R",6.9,0.17,5.8,0.32,0.02
14/09/2004 0:00,"S",7.3,0.17,5.3,0.3,0.02
29/09/2004 0:00,"R",7.4,0.18,5.5,0.28,0.02
27/10/2004 0:00,"R",8.2,0.23,4.6,0.35,0.02
10/11/2004 0:00,"S",7.3,0.27,20.1,0.87,0.06
10/11/2004 8:50,"W",,0.27,20.1,0.85,0.02
24/11/2004 0:00,"R",7.5,0.17,9.2,0.43,0.02
7/12/2004 0:00,"S",7.3,0.13,12.4,0.48,0.02
20/12/2004 0:00,"R",8.2,0.53,8,0.53,0.03
6/01/2005 0:00,"S",7.4,0.14,9,0.44,0.02
19/01/2005 0:00,"R",7.7,0.12,10.3,0.5,0.02
1/02/2005 0:00,"S",7.2,0.14,11.8,0.51,0.03
4/02/2005 8:47,"W",,0.24,3.9,0.62,0.03
16/02/2005 0:00,"R",7.2,0.22,17.5,0.59,0.03
20/02/2005 13:52,"W",,0.2,50.3,1.43,0.06
21/02/2005 8:11,"C",,0.22,725,2.6,0.29
1/03/2005 0:00,"S",8.1,0.23,26.6,0.89,0.04
14/03/2005 0:00,"R",7.2,0.13,14.3,0.49,0.03
31/03/2005 0:00,"S",7,0.15,12.7,0.53,0.02
11/04/2005 0:00,"R",7.8,0.13,14.3,0.52,0.04
28/04/2005 0:00,"S",7.1,0.14,8.4,0.44,0.02
10/05/2005 0:00,"R",7.2,0.16,8.2,0.41,0.02
24/05/2005 0:00,"S",6.5,0.12,7.4,0.48,0.02
8/06/2005 0:00,"R",7.4,0.11,6.5,0.38,0.02
23/06/2005 0:00,"S",7.7,0.12,4.9,0.37,0.02
1/07/2005 10:18,"C",,0.14,153,1.53,0.19
3/07/2005 0:00,"R",7,0.18,62.8,1.43,0.09
3/07/2005 8:52,"A",,0.17,61.2,,
3/07/2005 8:52,"A",,0.17,46.8,,
3/07/2005 8:52,"A",,0.17,49.9,,
3/07/2005 8:52,"A",,0.17,29.8,,
3/07/2005 8:52,"A",,0.16,56.4,,
3/07/2005 10:00,"C",,0.18,55.4,1.04,0.1
3/07/2005 10:00,"C",,0.18,61.3,1.17,0.09
4/07/2005 8:52,"A",,0.19,62.5,,
4/07/2005 8:52,"A",,0.19,65.5,,
4/07/2005 8:52,"A",,0.19,57.7,,
4/07/2005 8:52,"A",,0.19,56.9,,
4/07/2005 8:52,"A",,0.19,47.2,,
4/07/2005 8:52,"A",,0.18,82.2,,
4/07/2005 8:52,"A",,0.18,75.2,,
4/07/2005 8:52,"A",,0.18,69.1,,
5/07/2005 8:52,"A",,0.19,49.7,,
5/07/2005 8:52,"A",,0.19,54.1,,
5/07/2005 8:52,"A",,0.19,48.6,,
5/07/2005 8:52,"A",,0.19,53.6,,
5/07/2005 8:52,"A",,0.19,50.4,,
5/07/2005 8:52,"A",,0.19,54.4,,
5/07/2005 8:52,"A",,0.19,43.9,,
5/07/2005 8:52,"A",,0.19,64.1,,
6/07/2005 8:52,"A",,0.18,42.4,,
6/07/2005 8:52,"A",,0.19,54.2,,
6/07/2005 8:52,"A",,0.19,54.6,,
10/07/2005 10:30,"A",,0.17,20.9,,
10/07/2005 13:30,"A",,0.16,36.5,,
10/07/2005 16:30,"A",,0.16,47.7,,
10/07/2005 19:30,"A",,0.16,30.6,,
10/07/2005 22:30,"A",,0.16,27.3,,
11/07/2005 1:30,"A",,0.16,22.7,,
11/07/2005 4:30,"A",,0.16,33.1,,
11/07/2005 7:30,"A",,0.16,27.4,,
11/07/2005 10:30,"A",,0.16,23.3,,
11/07/2005 13:30,"A",,0.16,26.4,,
11/07/2005 16:30,"A",,0.16,25.6,,
11/07/2005 19:30,"A",,0.16,32.9,,
11/07/2005 22:30,"A",,0.16,30,,
12/07/2005 1:30,"A",,0.17,27.9,,
12/07/2005 4:30,"A",,0.19,27.9,,
12/07/2005 7:30,"A",,0.19,25.9,,
12/07/2005 10:30,"A",,0.2,24.6,,
12/07/2005 13:30,"A",,0.19,17.6,,
12/07/2005 16:30,"A",,0.19,24.3,,
12/07/2005 19:30,"A",,0.19,23.3,,
12/07/2005 22:30,"A",,0.19,25,,
13/07/2005 1:30,"A",,0.19,25.1,,
13/07/2005 4:30,"A",,0.19,26.6,,
13/07/2005 7:30,"A",,0.19,28.8,,
18/07/2005 14:28,"C",,0.16,31.2,0.85,0.09
21/07/2005 0:00,"S",7.09,0.29,9.6,0.83,0.03
2/08/2005 0:00,"R",6.9,0.16,7.6,0.55,0.03
18/08/2005 0:00,"S",7,0.14,10.2,0.43,0.03
30/08/2005 0:00,"R",7.8,0.15,8.7,0.45,0.03
22/09/2005 0:00,"S",7.2,0.25,7.2,0.43,0.02
28/09/2005 0:00,"R",8.1,0.23,12.3,0.7,0.03
29/09/2005 13:55,"C",,0.21,185,,
29/09/2005 13:55,"C",,0.22,182,1.64,0.17
3/10/2005 13:55,"W",,,,1.16,0.06
14/10/2005 0:00,"S",7.1,0.25,12.3,0.58,0.03
25/10/2005 7:24,"R",7.5,0.17,10.9,0.52,0.03
30/11/2005 13:52,"R",7.2,0.17,18.2,0.4,0.01
2/12/2005 11:10,"A",7.61,,37,,
2/12/2005 11:20,"A",7.6,0.15,41.4,,
2/12/2005 11:30,"A",7.6,0.15,42.1,,
2/12/2005 11:40,"A",7.6,0.14,50.9,,
2/12/2005 11:50,"A",7.5,0.15,44,,
2/12/2005 12:00,"A",7.6,0.16,38,,
2/12/2005 12:10,"A",7.5,0.16,33.1,,
2/12/2005 12:20,"A",7.4,0.17,33.2,,
2/12/2005 12:30,"A",7.4,0.22,69.8,,
2/12/2005 12:40,"A",7.5,0.22,108,,
2/12/2005 12:50,"A",7.6,0.2,56.5,,
2/12/2005 13:00,"A",7.6,0.2,57.1,,
2/12/2005 13:10,"A",7.6,0.21,42.8,,
2/12/2005 14:42,"R",7.6,0.18,28.1,0.8,0.04
2/12/2005 17:10,"A",7.6,,40.4,,
2/12/2005 23:10,"A",7.6,0.14,57,,
3/12/2005 5:10,"A",7.6,0.15,46.4,,
3/12/2005 11:10,"A",7.6,0.15,35.4,,
3/12/2005 17:10,"A",7.53,0.15,36,,
3/12/2005 23:10,"A",7.45,0.17,49.6,,
4/12/2005 5:10,"A",7.45,0.18,65.9,,
4/12/2005 11:10,"A",7.42,0.23,93.7,,
4/12/2005 17:10,"A",7.6,0.22,52.1,,
4/12/2005 23:10,"A",7.6,0.2,75.2,,
5/12/2005 5:10,"A",7.6,0.21,44.1,,
29/12/2005 15:17,"R",7.9,0.18,10.2,0.3,0.01
30/12/2005 15:45,"A",7.6,0.18,27.2,0.5,0.01
30/12/2005 22:45,"C",7.4,0.17,26.9,,
16/01/2006 19:50,"A",,0.13,39.1,,
16/01/2006 22:50,"A",,0.15,105,,
17/01/2006 1:50,"A",,0.12,54.4,,
17/01/2006 4:50,"A",,0.13,410,1.6,0.17
17/01/2006 7:50,"A",,0.13,776,,
17/01/2006 10:50,"A",,0.13,983,0.8,0.06
17/01/2006 13:50,"A",,0.14,999,,
17/01/2006 16:50,"A",,0.16,736,0.9,0.03
17/01/2006 19:50,"A",,0.17,563,,
17/01/2006 22:50,"A",,0.17,644,1.8,0.21
18/01/2006 0:00,"R",7.24,0.18,181,1.6,0.1
18/01/2006 1:50,"A",,0.17,700,,
18/01/2006 4:50,"A",,0.15,642,1.7,0.19
18/01/2006 6:35,"A",,0.17,131,,
18/01/2006 7:50,"A",,0.15,461,,
18/01/2006 9:35,"A",,0.18,133,,
18/01/2006 9:35,"A",,0.15,210,,
18/01/2006 11:00,"C",,0.18,83.5,,
18/01/2006 12:35,"A",,0.17,166,,
18/01/2006 15:35,"A",,0.17,130,,
19/01/2006 0:35,"A",,,91.1,,
19/01/2006 3:35,"A",,0.18,112,,
19/01/2006 5:30,"C",,0.26,63.9,,
19/01/2006 6:35,"A",,,96.6,,
19/01/2006 9:35,"A",,0.25,93.1,1.3,0.12
19/01/2006 15:35,"A",,0.28,96.8,,
19/01/2006 21:35,"A",,0.27,88.3,,
20/01/2006 0:35,"A",,0.26,72.2,,
20/01/2006 3:35,"A",,0.26,71.8,,
20/01/2006 6:35,"A",,0.27,72.1,,
20/01/2006 9:35,"A",,0.28,49.2,1.1,0.07
20/01/2006 15:05,"A",,0.3,22.6,,
20/01/2006 17:03,"A",,0.28,27.6,1,0.12
20/01/2006 21:03,"A",,0.28,18.8,,
21/01/2006 0:03,"A",,0.28,20.6,1,0.12
21/01/2006 3:03,"A",,0.27,27.3,,
21/01/2006 6:03,"A",,0.27,41.2,1,0.13
21/01/2006 9:03,"A",,0.26,26.8,,
21/01/2006 12:03,"A",,0.25,23,1,0.11
21/01/2006 15:03,"A",,0.25,23.6,,
21/01/2006 17:03,"A",,0.25,26.7,0.9,0.13
21/01/2006 21:03,"A",,0.26,30.7,,
22/01/2006 0:03,"A",,0.27,23.5,0.8,0.1
22/01/2006 3:03,"A",,0.27,22.6,,
22/01/2006 6:03,"A",,0.28,14.4,1,0.12
22/01/2006 9:03,"A",,0.3,25.2,,
22/01/2006 12:03,"A",,0.3,17.1,1,0.09
22/01/2006 15:03,"A",,0.31,22,,
22/01/2006 18:03,"A",,0.31,15.5,0.9,0.09
22/01/2006 21:03,"A",,0.32,18.4,,
23/01/2006 0:03,"A",,0.32,21.1,0.8,0.07
23/01/2006 3:03,"A",,0.33,23.9,,
23/01/2006 6:03,"A",,0.33,14.4,1,0.1
23/01/2006 7:43,"A",,0.33,13,0.9,0.06
23/01/2006 9:03,"A",,0.33,17,,
23/01/2006 10:43,"A",,0.33,9.16,,
23/01/2006 13:43,"A",,0.33,13.6,1.2,0.1
23/01/2006 16:43,"A",,0.33,19.7,,
23/01/2006 18:15,"A",,0.33,7.63,,
23/01/2006 22:43,"A",,0.33,15.2,,
24/01/2006 1:43,"A",,0.33,13.8,0.9,0.06
24/01/2006 4:43,"A",,0.33,9.95,,
24/01/2006 7:43,"A",,0.33,12.1,0.9,0.06
24/01/2006 10:43,"A",,0.33,9.57,,
24/01/2006 13:43,"A",,0.32,17,0.9,0.07
24/01/2006 16:43,"A",,0.32,10.9,,
24/01/2006 19:43,"A",,0.32,13.3,0.8,0.05
23/02/2006 0:00,"R",8.2,0.22,33,0.6,0.04
30/03/2006 0:00,"R",7.74,0.2,10.9,0.4,0.01
21/04/2006 0:00,"R",7.47,0.21,8.2,0.4,0.01
18/05/2006 0:00,"R",7.22,0.2,6.63,0.4,0.01
18/05/2006 0:00,"D",7.22,0.2,6.63,0.4,0.06
15/06/2006 14:53,"D",7.1,0.2,5.7,0.3,0.01
15/06/2006 16:01,"R",7.1,0.2,5.7,0.3,0.01
12/07/2006 0:00,"R",7.1,0.14,7.32,0.6,0.01
7/08/2006 0:00,"R",7.11,0.16,11.9,0.6,0.01
5/09/2006 0:00,"R",7.2,0.12,18.2,0.5,0.01
7/09/2006 23:27,"A",,0.13,,0.9,0.08
7/09/2006 23:27,"A",,0.13,,,
3/10/2006 0:00,"R",7.23,0.28,10.6,0.8,0.01
16/11/2006 0:00,"R",8.24,0.14,10.7,0.4,0.03
30/11/2006 0:00,"R",7.5,0.17,14.9,0.6,0.01
30/11/2006 0:00,"D",7.5,0.17,14.9,0.6,0.01
28/12/2006 0:00,"R",8.2,0.2,9.4,0.4,0.01
2/02/2007 0:00,"R",7.26,0.26,10.9,0.6,0.02
21/02/2007 9:45,"A",,0.21,38.2,0.9,0.05
21/02/2007 9:45,"A",,0.23,35.1,,
21/02/2007 10:50,"R",6.98,0.21,17.9,0.7,0.06
28/02/2007 16:10,"A",,0.17,39.3,1.1,0.01
28/02/2007 19:10,"A",,0.14,54.4,1.2,0.01
28/02/2007 22:10,"A",,0.14,49.5,1.1,0.01
1/03/2007 1:10,"A",,0.14,44.9,1,0.06
1/03/2007 4:10,"A",,0.15,43.3,,
1/03/2007 7:10,"A",,0.15,37.4,1,0.05
1/03/2007 10:10,"A",,0.15,38,1.1,0.01
1/03/2007 13:10,"A",,0.16,30,1,0.11
1/03/2007 16:10,"A",,0.02,38.1,1,0.07
1/03/2007 19:10,"A",,0.02,75.1,,
1/03/2007 22:10,"A",,0.03,223,,
2/03/2007 1:10,"A",,0.02,284,,
4/03/2007 10:07,"C",,,,,
4/03/2007 10:31,"C",,0.17,122,1.3,
21/03/2007 0:00,"R",6.97,0.15,44.6,0.7,0.04
18/04/2007 0:00,"R",6.91,0.12,24.1,0.5,0.08
16/05/2007 0:00,"R",7.29,0.12,19.7,0.6,0.02
11/06/2007 9:00,"A",,0.15,53.1,0.8,0.07
11/06/2007 12:00,"A",,0.13,36.6,0.7,0.07
11/06/2007 15:00,"A",,0.13,67.8,0.8,0.1
11/06/2007 18:00,"A",,0.13,77.6,0.8,0.08
11/06/2007 21:00,"A",,0.13,68.1,0.9,0.12
12/06/2007 0:00,"A",,0.13,51.8,0.8,0.08
12/06/2007 3:00,"A",,0.13,38.3,0.8,0.07
12/06/2007 6:00,"A",,0.14,46.4,0.8,0.08
12/06/2007 9:00,"A",,0.17,45.4,0.8,0.08
12/06/2007 12:00,"A",,0.18,42,0.8,0.08
12/06/2007 15:00,"A",,0.2,48.2,0.8,0.09
12/06/2007 18:00,"C",,,,,
12/06/2007 18:00,"A",,0.23,42.8,,
13/06/2007 15:20,"R",6.8,0.23,36.9,0.9,0.02
14/06/2007 8:26,"C",,0.15,85.1,1,
15/06/2007 15:45,"A",,0.19,25.1,0.6,0.04
15/06/2007 18:45,"A",,0.17,62,,
15/06/2007 21:45,"A",,0.17,52,0.7,0.06
16/06/2007 0:45,"A",,0.17,112,0.9,0.1
16/06/2007 3:45,"A",,0.14,224,,
16/06/2007 6:45,"A",,0.17,448,1.5,0.22
16/06/2007 9:45,"A",,0.13,427,1.4,0.25
16/06/2007 12:45,"A",,0.16,352,1.4,0.23
16/06/2007 15:45,"A",,0.16,319,2.2,0.22
16/06/2007 18:45,"A",,0.16,389,1.5,0.25
16/06/2007 21:45,"A",,0.16,496,1.6,0.28
17/06/2007 0:41,"C",,,,,
17/06/2007 0:45,"A",,0.16,548,1.6,0.34
17/06/2007 8:53,"A",,0.12,235,1.4,
17/06/2007 14:02,"C",,0.12,274,0.2,
17/06/2007 10:30,"A",,0.13,221,1.8,0.2
17/06/2007 13:30,"A",,0.12,335,2,0.2
17/06/2007 16:30,"A",,0.12,220,1.8,0.19
17/06/2007 19:30,"A",,0.13,223,1.6,0.12
17/06/2007 22:30,"A",,0.13,165,1.6,0.09
18/06/2007 1:30,"A",,0.14,139,1.4,0.1
18/06/2007 4:30,"A",,0.14,102,1.6,0.11
18/06/2007 7:30,"A",,0.15,71.5,1.4,0.08
18/06/2007 10:30,"A",,0.15,79.7,1.2,0.07
18/06/2007 13:30,"A",,0.16,74.9,1.3,0.07
18/06/2007 16:30,"A",,,,,
19/06/2007 11:27,"C",,0.13,132,2.1,
20/06/2007 3:30,"A",,0.17,43.8,1,0.08
20/06/2007 6:35,"A",,0.17,45.1,,
20/06/2007 9:35,"A",,0.17,60.8,1.1,0.05
20/06/2007 12:35,"A",,0.16,44.4,1.2,0.07
20/06/2007 13:37,"C",,0.16,45.9,0.9,
20/06/2007 15:35,"A",,0.16,53.6,1.5,0.13
20/06/2007 18:35,"A",,0.15,191,1.4,0.12
20/06/2007 21:35,"A",,0.15,133,,
21/06/2007 0:31,"C",,,,,
21/06/2007 0:35,"A",,0.14,251,,
21/06/2007 3:35,"A",,0.14,226,2,0.25
21/06/2007 6:35,"A",,0.15,183,1.2,0.1
21/06/2007 7:57,"C",,0.15,170,1.2,
21/06/2007 9:35,"A",,0.17,104,1.3,0.12
21/06/2007 12:35,"A",,0.18,97.9,1.1,0.11
27/06/2007 7:50,"A",,0.22,75.5,1.1,0.1
27/06/2007 8:30,"S",,0.2,156,1.4,
27/06/2007 10:50,"A",,0.26,121,1.1,0.12
27/06/2007 13:45,"S",,0.18,269,1.5,
27/06/2007 13:50,"A",,0.18,286,1.2,0.17
27/06/2007 16:50,"A",,0.17,289,1.4,0.31
27/06/2007 19:50,"A",,0.17,433,1.6,0.44
27/06/2007 22:50,"A",,0.17,515,1.6,0.45
28/06/2007 1:50,"A",,0.16,470,1.3,0.39
28/06/2007 4:50,"A",,0.17,355,1.2,0.23
28/06/2007 7:50,"A",,0.19,240,1.3,0.24
28/06/2007 10:50,"A",,0.2,195,1.9,0.15
28/06/2007 13:50,"A",,0.21,236,1.1,0.23
29/06/2007 0:00,"S",,0.2,106,1.1,0.05
30/06/2007 13:56,"A",,,,,
11/07/2007 0:00,"R",7.28,0.22,,1.2,0.05
7/08/2007 10:40,"R",7.12,0.17,8.42,0.6,0.01
3/09/2007 0:00,"R",,0.17,8.77,0.5,0.02
3/10/2007 0:00,"R",7.6,0.15,9.72,0.5,0.01
30/10/2007 0:00,"R",7.2,0.12,12,0.4,0.03
24/11/2007 13:49,"A",,0.22,83.1,1.7,0.06
24/11/2007 16:49,"A",,0.16,67.7,1.1,0.06
24/11/2007 19:49,"A",,0.17,50.7,0.9,0.08
24/11/2007 22:49,"A",,0.18,51.9,0.8,0.06
25/11/2007 1:49,"A",,0.18,39.1,0.7,0.06
25/11/2007 4:49,"A",,0.18,70.8,0.6,0.06
25/11/2007 7:49,"A",,0.18,212,1,0.12
25/11/2007 10:49,"A",,0.18,412,1.2,0.09
25/11/2007 13:49,"A",,0.18,311,1.1,0.08
25/11/2007 16:49,"A",,0.18,354,1.1,0.07
26/11/2007 0:00,"R",7.4,0.24,48.3,0.8,0.04
27/11/2007 8:54,"A",,0.17,48.9,0.8,
27/11/2007 8:54,"A",,,,,
30/11/2007 7:55,"A",,0.27,138,,
30/11/2007 10:55,"A",,0.29,27,0.6,0.04
30/11/2007 13:55,"A",,0.3,26.4,0.5,0.03
30/11/2007 16:55,"A",,0.29,29.6,0.5,0.03
30/11/2007 20:05,"A",,0.29,32.5,0.6,0.04
30/11/2007 23:05,"A",,0.28,36,,
1/12/2007 2:05,"A",,0.28,31.2,0.6,0.06
1/12/2007 5:05,"A",,0.28,28.7,,
4/12/2007 10:37,"A",,,,,
4/12/2007 14:16,"A",,0.48,33.7,,
8/12/2007 13:05,"A",,0.25,18.1,0.4,0.02
8/12/2007 22:55,"A",,0.2,22,0.4,0.02
9/12/2007 1:55,"A",,0.2,25.8,0.3,0.02
9/12/2007 4:55,"A",,0.2,20,0.3,0.02
9/12/2007 7:55,"A",,0.21,14.7,0.5,0.02
9/12/2007 10:55,"A",,0.21,10.9,0.3,0.01
20/12/2007 0:00,"R",7.76,0.18,31.3,0.5,0.02
24/01/2008 0:00,"R",7.77,0.2,19,0.6,0.03
6/02/2008 9:29,"A",,,,,
6/02/2008 10:07,"A",,0.19,37.2,0.4,0.03
9/02/2008 0:15,"A",,,,0.7,
9/02/2008 3:15,"A",,0.21,17.1,1.1,0.05
9/02/2008 6:15,"A",,0.15,23.4,0.5,0.03
9/02/2008 9:15,"A",,0.15,24.5,0.4,0.02
9/02/2008 12:15,"A",,0.15,20.1,0.3,0.02
9/02/2008 15:15,"A",,0.15,33.1,0.5,0.04
9/02/2008 18:15,"A",,0.15,26.8,0.4,0.03
9/02/2008 21:15,"A",,0.16,53.4,0.5,0.04
10/02/2008 0:15,"A",,0.17,55.5,0.4,0.02
10/02/2008 3:15,"A",,0.18,42.8,0.4,0.03
10/02/2008 6:15,"A",,0.19,47.7,0.4,0.02
26/02/2008 0:00,"R",7.8,0.16,17,0.4,0.02
