"","X","Y","TP","TN","NTU","Sample","Flow"
"1",7676.54166666667,1,0.007,0.41,1.7,"R",0.34
"2",7690.54166666667,1,0.01,0.21,0.9,"R",0.66
"3",7704.54166666667,1,0.014,0.245,1.6,"R",0.48
"4",7718.54166666667,1,0.021,0.245,2.4,"R",0.67
"5",7732.58333333333,1,0.008,0.215,1.3,"R",0.71
"6",7748.58333333333,1,0.13,0.245,1.7,"R",0.34
"7",7761.59375,1,0.012,0.195,2.5,"R",0.3
"8",7774.58333333333,1,0.04,0.305,1.2,"R",0.65
"9",7788.58333333333,1,0.014,0.245,1.4,"R",0.65
"10",7802.58333333333,1,0.015,0.27,2.1,"R",0.72
"11",7816.58333333333,1,0.005,0.265,1.9,"R",2.15
"12",7829.84375,1,0.042,0.71,840,"F",13.97
"13",7830.11458333333,1,0.034,0.46,1000,"F",118.85
"14",7831.58333333333,1,0.11,2.56,140,"R",626.99
"15",7844.58333333333,1,0.027,1.36,7.3,"R",10.41
"16",7858.58333333333,1,0.01,0.74,2.1,"R",3.65
"17",7861.02083333333,1,0.54,2.53,730,"F",13.32
"18",7861.27083333333,1,0.016,0.49,650,"F",59.23
"19",7861.5625,1,0.044,0.78,258,"F",119.23
"20",7873.58333333333,1,0.031,1.73,14.5,"R",20.82
"21",7886.58333333333,1,0.032,1.1,5,"R",7.29
"22",7887.1875,1,0.023,1.23,21,"F",13.68
"23",7900.58333333333,1,0.017,0.99,4.9,"R",8.13
"24",7914.58333333333,1,0.01,0.2,6.4,"R",30.57
"25",7928.58333333333,1,0.057,0.86,6.8,"R",15.58
"26",7942.58333333333,1,0.019,0.5,3.4,"R",14.28
"27",7956.58333333333,1,0.043,0.52,1.6,"R",2.44
"28",7970.54166666667,1,0.014,0.415,1.7,"R",0.95
"29",7984.54166666667,1,0.013,0.485,4.6,"R",1.2
"30",8000.54166666667,1,0.017,0.475,2.4,"R",0.6
"32",8011.54166666667,1,0.034,0.45,4.5,"R",0.36
"33",8016.70833333333,1,0.023,1.65,21,"F",15.36
"34",8019.54166666667,1,0.014,0.325,9.1,"R",9.19
"35",8035.54166666667,1,0.028,0.265,1.5,"R",1.32
"36",8047.54166666667,1,0.019,0.355,12.8,"R",10.79
"37",8061.54166666667,1,0.012,0.355,5.6,"R",5.61
"38",8072.75,1,0.194,1.23,100,"F",13.3
"39",8073.97916666667,1,0.64,1.27,730,"F",58.7
"40",8074.33333333333,1,0.53,1.25,800,"F",117.31
"41",8074.83333333333,1,0.46,0.78,358,"F",332.52
"42",8075.54166666667,1,0.114,1.04,179,"R",282.64
"43",8089.54166666667,1,0.015,0.495,4,"R",5.72
"44",8100.33333333333,1,0.01,0.255,3.9,"F",17.35
"45",8103.58333333333,1,0.029,0.465,4.1,"R",12.51
"46",8117.58333333333,1,0.009,0.54,1.3,"R",2.44
"47",8131.58333333333,1,0.033,0.655,2.9,"R",2.3
"48",8145.58333333333,1,0.006,0.325,1.7,"R",1.87
"49",8159.58333333333,1,0.003,0.275,1.7,"R",2.95
"50",8173.58333333333,1,0.007,0.275,5.8,"R",2.3
"51",8187.58333333333,1,0.004,0.205,2.5,"R",2.59
"52",8201.58333333333,1,0.006,0.205,2.4,"R",1.77
"53",8215.51041666667,1,0.015,0.455,NA,"F",14
"54",8215.58333333333,1,0.015,0.355,8,"R",20.68
"55",8229.58333333333,1,0.012,0.355,3.4,"R",2.79
"56",8257.58333333333,1,0.011,0.305,1.25,"R",2.71
"57",8271.58333333333,1,0.01,0.355,0.76,"R",2.79
"58",8285.58333333333,1,0.018,0.305,0.87,"R",4.87
"59",8299.58333333333,1,0.04,0.305,0.95,"R",3.21
"60",8313.58333333333,1,0.026,0.305,1.06,"R",3.24
"61",8328.45833333333,1,0.01,0.445,1.76,"F",13.48
"62",8328.58333333333,1,0.017,0.74,12.2,"R",52.67
"63",8345.58333333333,1,0.008,0.445,2.66,"R",5.37
"64",8361.58333333333,1,0.011,0.375,1.43,"R",2.13
"65",8376.01041666667,1,0.014,0.35,5.96,"F",13.44
"66",8409.58333333333,1,0.01,0.38,4.01,"R",2.04
"67",8426.58333333333,1,0.008,0.55,2.34,"R",2.22
"68",8441.58333333333,1,0.004,0.39,1.38,"R",0.92
"69",8457.58333333333,1,0.006,0.38,1.53,"R",0.95
"70",8473.58333333333,1,0.005,0.38,2,"R",2.13
"71",8484.78125,1,0.022,0.43,4.13,"F",27.4
"72",8489.58333333333,1,0.026,0.56,40.3,"R",3.01
"73",8505.58333333333,1,0.005,0.25,8.41,"R",0.7
"74",8521.58333333333,1,0.005,0.26,2.94,"R",0.48
"75",8537.58333333333,1,0.001,0.32,2.22,"R",0.4
"76",8553.58333333333,1,0.003,0.2,1.46,"R",0.63
"77",8569.58333333333,1,NA,NA,1.18,"R",1.02
"78",8585.58333333333,1,0.002,0.18,1.18,"R",0.82
"79",8601.58333333333,1,0.004,0.25,1.15,"R",2.45
"80",8610.14583333333,1,0.01,0.28,NA,"F",13.99
"81",8617.58333333333,1,0.002,0.4,1.72,"R",3.29
"82",8633.58333333333,1,0.006,0.29,1.47,"R",2.16
"83",8649.58333333333,1,0.006,0.26,0.91,"R",1.27
"84",8656.17708333333,1,0.02,0.48,NA,"F",13.47
"85",8665.58333333333,1,0.018,0.58,5.97,"R",6.91
"86",8681.58333333333,1,0.019,0.54,5.8,"R",17.8
"87",8697.58333333333,1,0.02,0.52,2,"R",6.6
"88",8713.58333333333,1,0.011,0.51,1.04,"R",0.93
"89",8729.58333333333,1,0.008,0.34,1.17,"R",3.57
"90",8745.58333333333,1,0.004,0.34,1.34,"R",0.57
"91",8756.6875,1,0.008,NA,NA,"F",0.45
"92",8809.58333333333,1,0.017,0.57,4.68,"R",0.03
"93",8839.58333333333,1,0.005,0.36,0.88,"R",2.98
"94",8867.58333333333,1,0.1,1.5,105,NA,0.58
"95",8868.5,1,NA,NA,11.2,"A",48.19
"96",8868.625,1,NA,NA,15.5,"A",57.21
"97",8868.75,1,NA,NA,91.2,"A",83.59
"98",8868.875,1,NA,NA,96.4,"A",120.25
"99",8869,1,NA,NA,182,"A",144.7
"100",8869.125,1,NA,NA,265,"A",149.35
"101",8869.25,1,NA,NA,193,"A",143.39
"102",8869.375,1,NA,NA,164,"A",134.33
"103",8869.5,1,NA,NA,159,"A",125.31
"104",8869.625,1,NA,NA,159,"A",119.79
"105",8869.75,1,NA,NA,85.7,"A",113.16
"106",8869.875,1,NA,NA,63.2,"A",107.69
"107",8870,1,NA,NA,56.1,"A",101.02
"108",8870.125,1,NA,NA,49.8,"A",91.38
"109",8870.25,1,NA,NA,45.3,"A",82.06
"110",8870.375,1,NA,NA,43.5,"A",72.96
"111",8870.5,1,NA,NA,39.3,"A",65.63
"112",8870.625,1,NA,NA,40.2,"A",59.26
"113",8870.75,1,NA,NA,40.8,"A",53.85
"114",8870.875,1,NA,NA,39.3,"A",49.6
"115",8871,1,NA,NA,35.6,"A",47.71
"116",8871.125,1,NA,NA,34.7,"A",53.71
"117",8871.25,1,NA,NA,34,"A",55.05
"118",8871.58333333333,1,0.05,0.82,36.8,NA,48.4
"119",8903.58333333333,1,0.005,0.39,0.54,NA,1.27
"120",8935.58333333333,1,0.005,0.23,1.91,NA,1.64
"121",8985.58333333333,1,0.003,0.24,1.11,NA,0.89
"122",9033.58333333333,1,0.005,0.25,0.71,NA,0.3
"123",9071.58333333333,1,0.003,0.22,0.9,NA,0.11
"124",9112.58333333333,1,0.13,0.35,1.41,NA,0.16
"125",9153.58333333333,1,0.01,0.31,5.4,NA,NA
"127",9196.58333333333,1,0.01,0.33,2.86,NA,10.94
"128",9239.58333333333,1,0.01,0.33,1.17,NA,3.36
"129",9280.58333333333,1,0.02,0.75,8.39,NA,6.8
"130",9323.58333333333,1,0.004,0.23,0.96,NA,2.34
"131",9362.58333333333,1,0.01,0.43,1.23,NA,1.23
"132",9397.58333333333,1,0.14,1.3,241,NA,1.4
"133",9397.95833333333,1,NA,NA,4.19,"A",4.62
"134",9398.08333333333,1,NA,NA,6.77,"A",8.5
"135",9398.20833333333,1,NA,NA,125,"A",336.58
"136",9398.33333333333,1,NA,NA,576,"A",249.92
"137",9398.45833333333,1,NA,NA,372,"A",187.49
"138",9398.58333333333,1,NA,NA,226,"A",284.12
"139",9398.70833333333,1,NA,NA,293,"A",363.61
"140",9398.83333333333,1,NA,NA,267,"A",361.69
"141",9398.95833333333,1,NA,NA,209,"A",315.11
"142",9399.09375,1,NA,NA,211,"A",303.66
"143",9399.21875,1,NA,NA,245,"A",258.6
"144",9399.35416666667,1,NA,NA,197,"A",200.81
"145",9399.47916666667,1,NA,NA,187,"A",162.46
"146",9399.61458333333,1,NA,NA,164,"A",132.09
"147",9399.73958333333,1,NA,NA,133,"A",110.46
"148",9399.86458333333,1,NA,NA,123,"A",94.14
"149",9399.98958333333,1,NA,NA,108,"A",81.43
"150",9400.11458333333,1,NA,NA,103,"A",71.68
"151",9406.58333333333,1,0.02,0.69,7.1,NA,7.71
"152",9446.58333333333,1,0.009,0.6,1.03,NA,1.43
"153",9456.83333333333,1,NA,NA,2.39,"A",4.16
"154",9457.09375,1,NA,NA,1.68,"A",4.71
"155",9457.57291666667,1,NA,NA,2.3,"A",6.6
"156",9491.58333333333,1,0.15,0.38,1.11,NA,1.04
"157",9534.58333333333,1,0.01,0.47,1.64,NA,1.78
"158",9574.58333333333,1,0.009,0.42,2.68,NA,0.69
"159",9616.58333333333,1,0.006,0.36,2.03,NA,0.31
"160",9620.58333333333,1,0.05,0.52,14.5,NA,0.6
"161",9621.19791666667,1,NA,NA,2.11,"A",0.84
"162",9621.32291666667,1,NA,NA,2.03,"A",0.91
"163",9621.44791666667,1,NA,NA,2.9,"A",8.9
"164",9621.57291666667,1,NA,NA,3.03,"A",10.01
"165",9621.69791666667,1,NA,NA,2.65,"A",11.02
"166",9621.82291666667,1,NA,NA,2.73,"A",15.38
"167",9621.94791666667,1,NA,NA,5.09,"A",21.14
"168",9622.07291666667,1,NA,NA,8.69,"A",27.97
"169",9622.19791666667,1,NA,NA,12.2,"A",31.94
"170",9622.32291666667,1,NA,NA,12.6,"A",46.96
"171",9622.44791666667,1,NA,NA,15.4,"A",50.43
"172",9622.57291666667,1,NA,NA,13.3,"A",50.64
"173",9622.69791666667,1,NA,NA,13.1,"A",53.92
"174",9622.82291666667,1,NA,NA,15.1,"A",54.99
"175",9622.94791666667,1,NA,NA,20.9,"A",54.99
"176",9623.07291666667,1,NA,NA,20.6,"A",53.87
"177",9623.19791666667,1,NA,NA,20.3,"A",51.68
"178",9623.32291666667,1,NA,NA,20.9,"A",48.78
"179",9623.44791666667,1,NA,NA,24.7,"A",45.94
"180",9623.58333333333,1,0.03,0.74,NA,NA,42.62
"181",9657.58333333333,1,0.009,0.36,0.73,NA,1.7
"182",9700.58333333333,1,0.006,0.27,0.95,NA,2.72
"183",9704.58333333333,1,0.04,0.41,10.2,NA,2.94
"184",9705.02083333333,1,NA,NA,1.74,"A",5.01
"185",9705.14583333333,1,NA,NA,1.47,"A",5.68
"186",9705.27083333333,1,NA,NA,1.52,"A",5.84
"187",9705.39583333333,1,NA,NA,1.48,"A",6.37
"188",9705.52083333333,1,NA,NA,2.74,"A",8.06
"189",9705.64583333333,1,NA,NA,1.85,"A",9.41
"190",9705.77083333333,1,NA,NA,1.64,"A",10.22
"191",9705.89583333333,1,NA,NA,2.04,"A",10.45
"192",9706.02083333333,1,NA,NA,1.6,"A",10.51
"193",9706.14583333333,1,NA,NA,2.3,"A",13.41
"194",9706.27083333333,1,NA,NA,2.24,"A",14.75
"195",9706.39583333333,1,NA,NA,2.81,"A",14.75
"196",9706.52083333333,1,NA,NA,2.3,"A",14.61
"197",9706.64583333333,1,NA,NA,3.32,"A",14.04
"198",9706.77083333333,1,NA,NA,6.33,"A",13.48
"199",9706.89583333333,1,NA,NA,11.5,"A",13.25
"200",9707.02083333333,1,NA,NA,15.6,"A",13.11
"201",9707.14583333333,1,NA,NA,16.2,"A",13.11
"202",9707.27083333333,1,NA,NA,16.3,"A",13.11
"203",9707.39583333333,1,NA,NA,19.1,"A",13.58
"204",9707.52083333333,1,NA,NA,20.3,"A",13.58
"205",9707.64583333333,1,NA,NA,21.2,"A",13.58
"206",9707.77083333333,1,NA,NA,21.1,"A",13.58
"207",9707.89583333333,1,NA,NA,16.8,"A",13.48
"208",9708.04166666667,1,NA,NA,17.7,"A",18.54
"209",9714.58333333333,1,0.006,0.4,NA,NA,4.8
"210",9739.58333333333,1,0.2,1.52,104,NA,9.59
"211",9739.59375,1,NA,NA,3.13,"A",13.44
"212",9739.71875,1,NA,NA,4.16,"A",27.93
"213",9739.84375,1,NA,NA,4.97,"A",38.15
"214",9739.96875,1,NA,NA,113,"A",245.23
"215",9740.09375,1,NA,NA,164,"A",270.17
"216",9740.21875,1,NA,NA,138,"A",269.71
"217",9740.34375,1,NA,NA,135,"A",263.66
"218",9740.46875,1,NA,NA,149,"A",260.42
"219",9741.58333333333,1,0.06,0.86,23.4,NA,76.88
"222",9742.1875,1,NA,NA,37.2,"A",64.12
"223",9742.35416666667,1,NA,NA,28.1,"A",59.92
"224",9742.52083333333,1,NA,NA,33.6,"A",53.67
"225",9742.6875,1,NA,NA,35.3,"A",48.66
"226",9742.85416666667,1,NA,NA,36.6,"A",44.25
"227",9743.02083333333,1,NA,NA,42.4,"A",39.7
"228",9743.1875,1,NA,NA,38.7,"A",36.72
"229",9743.35416666667,1,NA,NA,33.5,"A",33.9
"230",9743.52083333333,1,NA,NA,26.9,"A",31.5
"231",9743.6875,1,NA,NA,22.2,"A",29.18
"232",9743.85416666667,1,NA,NA,16.3,"A",27.16
"233",9744.02083333333,1,NA,NA,17.5,"A",24.9
"234",9744.1875,1,NA,NA,16.2,"A",23.28
"235",9744.35416666667,1,NA,NA,10.8,"A",22.22
"236",9744.52083333333,1,NA,NA,12.5,"A",20.75
"237",9744.6875,1,NA,NA,10.3,"A",19.51
"238",9744.85416666667,1,NA,NA,9.8,"A",18.27
"239",9745.02083333333,1,NA,NA,10.8,"A",17.35
"240",9745.1875,1,NA,NA,10.4,"A",16.03
"241",9745.35416666667,1,NA,NA,8.52,"A",15.68
"242",9745.52083333333,1,NA,NA,10.9,"A",14.94
"243",9745.6875,1,NA,NA,12,"A",14.32
"244",9745.85416666667,1,NA,NA,9.16,"A",13.52
"245",9748.58333333333,1,0.04,0.79,11.2,NA,8.88
"246",9749.03125,1,NA,NA,11.2,"A",8.22
"247",9784.58333333333,1,0.009,0.51,1.38,NA,3.88
"250",9826.58333333333,1,0.006,0.37,1.24,NA,2.44
"251",9868.58333333333,1,0.007,0.4,0.75,NA,0.07
"252",9891.27083333333,1,NA,NA,4.37,"A",0.34
"253",9891.39583333333,1,NA,NA,1.94,"A",0.34
"254",9891.52083333333,1,NA,NA,2.2,"A",0.34
"255",9891.64583333333,1,NA,NA,1.83,"A",0.33
"256",9891.77083333333,1,NA,NA,2.99,"A",3.75
"257",9891.89583333333,1,NA,NA,1.85,"A",4.97
"258",9892.02083333333,1,NA,NA,2.1,"A",4.89
"259",9892.14583333333,1,NA,NA,1.77,"A",4.29
"260",9892.27083333333,1,NA,NA,1.47,"A",3.79
"261",9904.58333333333,1,0.03,0.36,4.82,NA,0.34
"262",9904.71875,1,NA,NA,8.53,"A",4.06
"263",9904.84375,1,NA,NA,4.59,"A",7.77
"264",9904.96875,1,NA,NA,2.1,"A",7.84
"265",9905.09375,1,NA,NA,1.86,"A",8
"266",9905.21875,1,NA,NA,1.57,"A",7.77
"267",9905.34375,1,NA,NA,2.03,"A",7.21
"268",9905.46875,1,NA,NA,3.34,"A",6.78
"269",9905.59375,1,NA,NA,2.77,"A",6.16
"270",9905.71875,1,NA,NA,3.32,"A",5.7
"271",9905.84375,1,NA,NA,5.35,"A",5.32
"272",9905.96875,1,NA,NA,6.78,"A",5.01
"273",9906.09375,1,NA,NA,8.32,"A",4.33
"274",9906.21875,1,NA,NA,7.41,"A",4.06
"275",9906.34375,1,NA,NA,6.37,"A",3.84
"276",9906.46875,1,NA,NA,8.23,"A",3.56
"277",9906.59375,1,NA,NA,6.72,"A",3.33
"278",9906.71875,1,NA,NA,6.49,"A",3.15
"279",9906.84375,1,NA,NA,7.37,"A",2.93
"280",9906.96875,1,NA,NA,7.5,"A",2.75
"281",9907.09375,1,NA,NA,6.37,"A",2.53
"282",9907.21875,1,NA,NA,6.85,"A",2.45
"283",9907.34375,1,NA,NA,7.6,"A",2.29
"284",9907.46875,1,NA,NA,7.24,"A",2.15
"285",9907.59375,1,NA,NA,4.85,"A",2.08
"286",9908.58333333333,1,0.008,0.22,3.21,NA,1.45
"287",9957.58333333333,1,0.01,0.38,1.54,NA,0.07
"288",9996.58333333333,1,0.03,0.38,1.51,NA,0.03
"289",9998.58333333333,1,0.008,2.16,1.9,NA,0.07
"290",9999.23958333333,1,NA,NA,3.8,"A",0.38
"291",9999.73958333333,1,NA,NA,3.9,"A",0.52
"292",10000.4895833333,1,NA,NA,2,"A",0.55
"293",10001.2395833333,1,NA,NA,2.2,"A",0.53
"294",10001.9895833333,1,NA,NA,2.6,"A",0.53
"295",10035.5833333333,1,0.01,0.24,0.8,NA,0.97
"310",10040.2291666667,1,NA,NA,536,"A",544.04
"311",10040.4791666667,1,NA,NA,418,"A",521.97
"316",10040.7291666667,1,NA,NA,356,"A",407.66
"317",10040.9791666667,1,NA,NA,152,"A",297.36
"318",10041.2291666667,1,NA,NA,260,"A",222.31
"319",10041.4791666667,1,NA,NA,202,"A",168.92
"324",10041.7291666667,1,NA,NA,165,"A",128.79
"325",10041.9791666667,1,NA,NA,118,"A",97.8
"326",10042.2291666667,1,NA,NA,147,"A",77.25
"327",10042.4791666667,1,NA,NA,130,"A",63.64
"330",10042.7291666667,1,NA,NA,86.9,"A",53
"331",10042.8541666667,1,NA,NA,84.6,"A",49.35
"332",10043.1041666667,1,NA,NA,82,"A",43.05
"333",10043.5833333333,1,0.07,1.76,65.6,NA,36.1
"334",10045.5833333333,1,0.06,1.4,NA,NA,19.84
"335",10062.5833333333,1,0.02,0.89,11.1,NA,2.72
"336",10080.5833333333,1,0.02,0.67,3.83,NA,2.17
"337",10112.0104166667,1,NA,NA,20.7,"A",11.59
"338",10121.5833333333,1,0.01,0.59,4.05,NA,2.63
"339",10129.5833333333,1,0.02,4.2,NA,NA,3.83
"340",10129.8020833333,1,NA,NA,11.3,"A",5.88
"341",10129.9270833333,1,NA,NA,8.3,"A",10.43
"342",10130.0520833333,1,NA,NA,9.6,"A",12.13
"343",10130.1770833333,1,NA,NA,11.9,"A",14.41
"344",10130.3020833333,1,NA,NA,8.9,"A",43.18
"345",10130.4270833333,1,NA,NA,8.6,"A",59.44
"346",10130.5520833333,1,NA,NA,12,"A",62.97
"347",10130.6770833333,1,NA,NA,11.7,"A",56.88
"348",10130.8020833333,1,NA,NA,10.8,"A",50.17
"349",10130.9270833333,1,NA,NA,22.2,"A",44.79
"350",10131.0520833333,1,NA,NA,17.1,"A",39.84
"351",10131.1770833333,1,NA,NA,8.6,"A",37.04
"352",10131.3020833333,1,NA,NA,15.9,"A",34.05
"353",10131.4270833333,1,NA,NA,9.8,"A",31.74
"354",10131.5520833333,1,NA,NA,11.7,"A",29.62
"355",10131.6770833333,1,NA,NA,10.7,"A",27.78
"356",10131.9270833333,1,NA,NA,12.5,"A",23.9
"357",10132.0520833333,1,NA,NA,10.8,"A",22.38
"358",10132.1770833333,1,NA,NA,8.6,"A",21.22
"359",10132.3020833333,1,NA,NA,10.1,"A",20.36
"360",10132.4270833333,1,NA,NA,12.4,"A",19.33
"361",10132.5520833333,1,NA,NA,13.9,"A",18.38
"362",10132.6770833333,1,NA,NA,11.1,"A",17.51
"363",10134.5833333333,1,0.02,0.78,NA,NA,12.02
"364",10142.34375,1,NA,NA,8.66,"A",6.32
"365",10142.46875,1,NA,NA,7.28,"A",8.25
"366",10142.59375,1,NA,NA,8,"A",8.79
"367",10142.71875,1,NA,NA,6.62,"A",8.79
"368",10142.84375,1,NA,NA,4.69,"A",8.29
"369",10142.96875,1,NA,NA,4.46,"A",8
"370",10143.09375,1,NA,NA,7.01,"A",8.07
"371",10143.21875,1,NA,NA,5.94,"A",8.22
"372",10143.34375,1,NA,NA,6.24,"A",8.37
"373",10143.46875,1,NA,NA,4.35,"A",8.37
"374",10143.59375,1,NA,NA,8.6,"A",8.3
"375",10143.71875,1,NA,NA,6.79,"A",8.15
"376",10143.96875,1,NA,NA,5.29,"A",7.86
"377",10144.09375,1,NA,NA,4.96,"A",7.64
"378",10144.21875,1,NA,NA,4.54,"A",7.9
"379",10144.34375,1,NA,NA,5.06,"A",8.23
"380",10144.46875,1,NA,NA,6.44,"A",8.23
"381",10144.59375,1,NA,NA,5.97,"A",8.27
"382",10144.71875,1,NA,NA,5.78,"A",8.46
"383",10144.84375,1,NA,NA,7.18,"A",8.54
"384",10144.96875,1,NA,NA,6.9,"A",8.63
"385",10145.5104166667,1,NA,NA,5.75,"A",7.87
"386",10161.5833333333,1,0.01,0.48,1.7,NA,0.9
"389",10370.5833333333,1,0.01,0.3,0.85,NA,2.98
"390",10399.5833333333,1,0.01,0.53,NA,NA,1.23
"391",10406.5833333333,1,0.01,1.19,NA,NA,9.88
"392",10415.5833333333,1,0.01,0.76,5.11,NA,3.18
"393",10432.5833333333,1,0.01,0.64,8.32,NA,14.48
"394",10438.5833333333,1,0.03,1.02,14.6,NA,44.06
"398",10445.5833333333,1,1.25,5.56,663,NA,230.83
"399",10447.5833333333,1,0.08,1.42,92.4,NA,301.77
"400",10451.5833333333,1,0.03,1.4,21.8,NA,35.42
"401",10455.5833333333,1,0.16,1.76,214,NA,416.83
"402",10458.5833333333,1,0.04,1.25,48.6,NA,265.73
"403",10465.5833333333,1,0.07,1.18,39.3,NA,40.13
"404",10482.5833333333,1,0.03,0.88,11.7,NA,9.37
"405",10497.5833333333,1,0.01,0.5,3.4,NA,6.14
"406",10518.5833333333,1,0.04,2.13,12.4,NA,2.96
"407",10519.125,1,NA,NA,13.9,"A",5.71
"408",10519.25,1,NA,NA,7.38,"A",8.91
"409",10519.375,1,NA,NA,12,"A",8.37
"410",10519.5,1,NA,NA,20.5,"A",8.09
"411",10519.625,1,NA,NA,4.82,"A",7.67
"412",10519.75,1,NA,NA,13.4,"A",8.53
"413",10519.875,1,NA,NA,11.8,"A",9.98
"414",10520,1,NA,NA,9.94,"A",9.53
"415",10520.25,1,NA,NA,10.8,"A",8.28
"416",10520.375,1,NA,NA,8.55,"A",11.49
"417",10520.5,1,NA,NA,8.32,"A",12.05
"418",10520.5833333333,1,0.02,1.02,6.4,NA,11.73
"419",10520.625,1,NA,NA,9.9,"A",11.56
"420",10520.75,1,NA,NA,24.6,"A",10.92
"421",10520.875,1,NA,NA,13.9,"A",10.46
"422",10521,1,NA,NA,7.09,"A",9.84
"423",10521.2604166667,1,NA,NA,7.3,"A",14.86
"424",10521.3854166667,1,NA,NA,8.92,"A",25.19
"425",10521.5104166667,1,NA,NA,8.46,"A",24.35
"426",10521.6354166667,1,NA,NA,7.21,"A",23.1
"427",10521.7604166667,1,NA,NA,6.39,"A",21.86
"428",10521.8854166667,1,NA,NA,5.06,"A",20.72
"429",10522.0104166667,1,NA,NA,6.1,"A",19.28
"430",10538.5833333333,1,0.01,0.49,1.67,NA,2.23
"431",10543.5833333333,1,0.02,1.76,11.7,NA,2.41
"432",10543.8125,1,NA,NA,16.2,"A",10.85
"433",10543.9375,1,NA,NA,5.74,"A",10.6
"434",10544.1041666667,1,NA,NA,5.16,"A",15.41
"435",10544.2291666667,1,NA,NA,5.31,"A",14.27
"436",10544.3541666667,1,NA,NA,5.57,"A",13.21
"437",10544.4791666667,1,NA,NA,5.41,"A",15.74
"438",10544.6041666667,1,NA,NA,6.08,"A",22.65
"439",10544.7291666667,1,NA,NA,10.1,"A",24.31
"440",10544.8541666667,1,NA,NA,13.7,"A",26.27
"441",10544.9791666667,1,NA,NA,16,"A",24.72
"442",10545.1041666667,1,NA,NA,11.8,"A",22.8
"443",10545.2291666667,1,NA,NA,9.97,"A",20.42
"444",10545.3541666667,1,NA,NA,10.1,"A",18.62
"445",10545.4791666667,1,NA,NA,13,"A",16.95
"446",10545.6041666667,1,NA,NA,15.7,"A",16.02
"447",10545.7291666667,1,NA,NA,16.9,"A",15.27
"448",10545.8541666667,1,NA,NA,19.7,"A",14.38
"449",10545.9791666667,1,NA,NA,16.9,"A",13.51
"450",10546.1041666667,1,NA,NA,14.6,"A",13.31
"451",10546.1666666667,1,NA,NA,16.2,"A",12.91
"452",10580.5833333333,1,0.009,0.37,1.55,NA,1.16
"454",10618.5833333333,1,0.013,0.49,NA,"R",0
"455",10619.5833333333,1,0.01,0.49,2.4,NA,0
"456",10644.5833333333,1,0.01,0.42,1.6,NA,0.11
"457",10671.5833333333,1,0.008,0.38,1.9,NA,0.03
"458",10701.5833333333,1,0.005,0.27,1.4,NA,0.3
"459",10730.5833333333,1,0.004,0.24,0.81,NA,0.4
"460",10758.5833333333,1,0.002,0.2,1,NA,0.89
"461",10784.5833333333,1,0.002,0.22,1,NA,1.15
"462",10787.5833333333,1,0.03,1.89,16.4,NA,5.57
"463",10787.84375,1,NA,NA,17.3,"A",9.69
"464",10787.96875,1,NA,NA,16.3,"A",10.51
"465",10788.0625,1,NA,NA,16.7,"A",11.17
"466",10788.1875,1,NA,NA,37.1,"A",17.09
"467",10788.3125,1,NA,NA,28,"A",20.18
"468",10788.4375,1,NA,NA,19.4,"A",21.04
"469",10788.5625,1,NA,NA,13.8,"A",20.95
"470",10788.5833333333,1,0.02,0.87,6.2,NA,20.98
"471",10788.8125,1,NA,NA,12.5,"A",19.37
"472",10788.9375,1,NA,NA,14.6,"A",18.16
"473",10788.9895833333,1,NA,NA,7.2,"A",17.79
"474",10789,1,NA,NA,7.8,"A",17.71
"475",10789.125,1,NA,NA,5.6,"A",16.73
"476",10789.25,1,NA,NA,7.1,"A",15.62
"477",10789.375,1,NA,NA,5.2,"A",14.69
"478",10789.5,1,NA,NA,5.3,"A",14.05
"479",10789.625,1,NA,NA,5.1,"A",14.03
"480",10789.75,1,NA,NA,4.3,"A",14.76
"481",10789.875,1,NA,NA,6,"A",15.27
"482",10790,1,NA,NA,4.9,"A",15.08
"483",10790.125,1,NA,NA,6.8,"A",14.69
"484",10790.25,1,NA,NA,8.8,"A",14.24
"485",10790.375,1,NA,NA,9,"A",13.61
"486",10790.5,1,NA,NA,9,"A",12.78
"487",10790.625,1,NA,NA,5.7,"A",12.02
"488",10790.75,1,NA,NA,7.9,"A",11.18
"489",10790.875,1,NA,NA,7.5,"A",10.6
"490",10791,1,NA,NA,7.3,"A",9.97
"491",10791.125,1,NA,NA,7,"A",9.25
"492",10791.25,1,NA,NA,8.5,"A",8.68
"493",10791.375,1,NA,NA,7.5,"A",8.2
"494",10791.5,1,NA,NA,7.5,"A",7.8
"495",10791.625,1,NA,NA,6.8,"A",7.55
"496",10791.75,1,NA,NA,6.8,"A",7.24
"497",10793.5833333333,1,0.009,0.44,8.4,NA,4.84
"498",10814.5833333333,1,0.01,0.41,3.8,NA,1.46
"499",10821.625,1,NA,NA,9.6,"A",3.31
"500",10821.75,1,NA,NA,8,"A",5.25
"501",10821.875,1,NA,NA,7.5,"A",5.55
"502",10822,1,NA,NA,5.1,"A",5.5
"503",10822.125,1,NA,NA,5.6,"A",5.35
"504",10822.25,1,NA,NA,4.3,"A",5.16
"505",10822.375,1,NA,NA,4.9,"A",5.05
"506",10822.5,1,NA,NA,4.5,"A",4.94
"507",10822.625,1,NA,NA,4.2,"A",4.78
"508",10822.75,1,NA,NA,3.7,"A",4.68
"509",10822.875,1,NA,NA,3.9,"A",4.64
"510",10823,1,NA,NA,3.8,"A",4.46
"511",10823.125,1,NA,NA,4.8,"A",4.35
"512",10823.25,1,NA,NA,4.1,"A",4.24
"513",10823.375,1,NA,NA,3.4,"A",4.11
"514",10823.5,1,NA,NA,3.3,"A",3.98
"515",10823.625,1,NA,NA,5.6,"A",3.93
"516",10823.75,1,NA,NA,4.4,"A",3.78
"517",10823.875,1,NA,NA,5.1,"A",3.72
"518",10824,1,NA,NA,5.3,"A",3.65
"519",10824.125,1,NA,NA,3.4,"A",3.57
"520",10824.25,1,NA,NA,4.4,"A",3.44
"521",10824.375,1,NA,NA,3.8,"A",3.38
"522",10824.5,1,NA,NA,4.4,"A",3.31
"523",10842.5833333333,1,0.005,0.35,0.8,NA,1.48
"524",10868.5833333333,1,0.006,0.25,2,NA,3.55
"525",10884.1145833333,1,NA,NA,15.6,"A",4.51
"526",10885.65625,1,NA,NA,4,"A",5.31
"527",10885.8854166667,1,NA,NA,4.7,"A",5.7
"528",10887.5833333333,1,0.11,1.33,108,NA,5.98
"529",10887.8854166667,1,NA,NA,7.9,"A",11.29
"530",10887.90625,1,NA,NA,173,"F",22.69
"531",10887.9375,1,NA,NA,127,"F",61.56
"532",10887.96875,1,NA,NA,319,"F",110.47
"533",10888.0104166667,1,NA,NA,33.8,"A",166.85
"534",10888.0416666667,1,NA,NA,114,"F",214.48
"535",10888.1041666667,1,NA,NA,122,"F",320.75
"536",10888.1354166667,1,NA,NA,36,"A",353.26
"537",10888.2604166667,1,NA,NA,76,"A",334.79
"538",10888.3854166667,1,NA,NA,133,"A",322.65
"539",10888.5104166667,1,NA,NA,154,"A",307.11
"540",10888.6354166667,1,NA,NA,110,"A",327.41
"541",10888.7604166667,1,NA,NA,113,"A",362.58
"542",10888.8854166667,1,NA,NA,126,"A",467.92
"543",10889.0104166667,1,NA,NA,157,"A",503.29
"544",10889.1354166667,1,NA,NA,148,"A",436.84
"545",10889.2604166667,1,NA,NA,139,"A",358.1
"546",10889.3854166667,1,NA,NA,120,"A",296.12
"547",10889.5104166667,1,NA,NA,119,"A",260.43
"548",10889.5833333333,1,0.07,1.2,40.4,NA,260.54
"549",10889.6354166667,1,NA,NA,106,"A",266.56
"550",10889.7604166667,1,NA,NA,93.5,"A",275.14
"551",10889.8854166667,1,NA,NA,85.9,"A",302.19
"552",10890.0104166667,1,NA,NA,84.7,"A",321.67
"553",10890.1145833333,1,NA,NA,81,"A",316.42
"554",10890.2395833333,1,NA,NA,46.4,"A",301.83
"555",10890.3645833333,1,NA,NA,50.8,"A",280.87
"556",10890.4895833333,1,NA,NA,56.1,"A",255.86
"557",10890.6145833333,1,NA,NA,58.7,"A",226.93
"558",10890.7395833333,1,NA,NA,56.3,"A",199.4
"559",10890.8645833333,1,NA,NA,65.5,"A",173.81
"560",10890.9895833333,1,NA,NA,67.8,"A",150.9
"561",10891.1145833333,1,NA,NA,59.1,"A",131.13
"562",10891.2395833333,1,NA,NA,54.8,"A",115.23
"563",10891.3645833333,1,NA,NA,52.1,"A",101.12
"564",10891.4895833333,1,NA,NA,45.1,"A",90.15
"565",10891.6145833333,1,NA,NA,41.5,"A",81.39
"566",10891.7395833333,1,NA,NA,37.9,"A",73.88
"567",10891.8645833333,1,NA,NA,36.4,"A",67.43
"568",10891.9895833333,1,NA,NA,39.6,"A",61.65
"569",10892.1145833333,1,NA,NA,34.7,"A",56.59
"570",10892.2395833333,1,NA,NA,34.7,"A",52.18
"571",10892.3645833333,1,NA,NA,25.6,"A",48.7
"572",10892.4895833333,1,NA,NA,31,"A",45.38
"573",10892.6145833333,1,NA,NA,29.7,"A",42.6
"574",10892.7395833333,1,NA,NA,30,"A",40.18
"575",10892.8645833333,1,NA,NA,30.6,"A",37.84
"576",10892.9895833333,1,NA,NA,26.7,"A",35.65
"577",10902.5833333333,1,0.03,0.51,4.2,NA,8.72
"579",10926.5833333333,1,0.01,0.41,1.6,NA,1.2
"581",10952.5833333333,1,0.03,1.22,6.3,NA,1.37
"582",10952.8645833333,1,NA,NA,7.6,"A",1.46
"583",10952.9895833333,1,NA,NA,7.4,"A",1.59
"584",10953.1145833333,1,NA,NA,4,"A",1.83
"585",10953.2395833333,1,NA,NA,5.3,"A",2.12
"586",10953.3645833333,1,NA,NA,4,"A",2.55
"587",10953.4895833333,1,NA,NA,5.6,"A",4.61
"588",10953.6145833333,1,NA,NA,3.3,"A",7.33
"589",10953.7395833333,1,NA,NA,3.3,"A",8.27
"590",10953.8645833333,1,NA,NA,4.3,"A",11.09
"591",10953.9895833333,1,NA,NA,4.6,"A",11.75
"592",10954.1145833333,1,NA,NA,3.3,"A",11.46
"593",10954.2395833333,1,NA,NA,5,"A",11.96
"594",10954.3645833333,1,NA,NA,3.6,"A",14.34
"595",10954.4895833333,1,NA,NA,5.3,"A",19.98
"596",10954.6145833333,1,NA,NA,5.2,"A",22.55
"597",10954.7395833333,1,NA,NA,5,"A",23.34
"598",10954.8645833333,1,NA,NA,4.2,"A",22.4
"599",10954.9895833333,1,NA,NA,5.7,"A",21.27
"600",10955.1145833333,1,NA,NA,7.7,"A",20.84
"601",10955.2395833333,1,NA,NA,6.6,"A",19.79
"602",10955.3645833333,1,NA,NA,7.8,"A",19.15
"603",10955.4895833333,1,NA,NA,7.9,"A",22.88
"606",10955.6145833333,1,NA,NA,9.3,"A",25.53
"607",10955.7395833333,1,NA,NA,10.6,"A",25.63
"608",10956.125,1,NA,NA,25.5,"A",21.33
"609",10956.25,1,NA,NA,19.4,"A",19.99
"610",10956.375,1,NA,NA,21.9,"A",19.1
"611",10956.5,1,NA,NA,24.7,"A",18.24
"612",10961.5833333333,1,0.01,0.41,2.4,NA,5.14
"614",10980.5833333333,1,0.01,0.43,1.5,NA,0.37
"616",11009.5833333333,1,0.009,0.48,0.6,NA,0
"618",11024.5833333333,1,0.06,2.79,73.7,NA,0
"619",11029.5833333333,1,0.03,0.76,19.1,NA,5.17
"620",11035.5833333333,1,0.1,1.67,22.5,NA,4.96
"621",11038.5833333333,1,0.04,0.9,14,NA,40.04
"622",11043.5833333333,1,0.02,0.45,8.5,NA,10.26
"623",11052.5833333333,1,0.01,1.14,12.1,NA,4.92
"624",11064.5833333333,1,0.01,0.36,3.5,NA,1.93
"625",11093.5833333333,1,0.008,0.28,1.7,NA,1.32
"626",11123.5833333333,1,0.004,0.17,1.4,NA,0.91
"628",11139.5833333333,1,0.01,0.55,3.7,"C",2.79
"629",11155.1875,1,0.01,0.35,2.7,"R",2.85
"631",11178.1458333333,1,0.006,0.3,1.1,"R",2.19
"635",11205.9583333333,1,0.006,0.26,1.2,"R",3.06
"638",11235.0625,1,0.006,0.29,0.8,"R",1.34
"639",11254.21875,1,0.02,0.86,9.8,"C",5.45
"642",11263.9583333333,1,0.007,0.37,3.3,"R",1.92
"643",11275.9479166667,1,0.04,1.15,26.6,"C",7.77
"644",11278.2083333333,1,0.07,1.25,80.3,"C",64.64
"645",11282.1875,1,0.03,1.03,18,"C",28.45
"646",11284.9791666667,1,0.02,0.58,7.9,"A",13.58
"647",11291.25,1,0.02,0.58,4.8,"R",4.15
"650",11320.0104166667,1,0.01,0.5,1.5,"R",0.32
"653",11346.9583333333,1,0.01,0.66,3,"R",0
"654",11358.7708333333,1,0.03,1.03,22.4,"C",1.85
"655",11362.0416666667,1,0.02,0.7,6.3,"A",27.38
"656",11365.125,1,0.02,0.71,5.5,"A",8.51
"659",11376.125,1,0.01,0.55,1.4,"R",2.32
"660",11401.0104166667,1,0.01,0.38,2,"R",1.42
"661",11435.0625,1,0.006,0.33,1.4,"R",0.62
"662",11456.96875,1,0.006,0.26,NA,"R",1.75
"665",11487.0208333333,1,0.004,0.23,NA,"R",0.79
"672",11562.4895833333,1,NA,NA,3.9,"A",16.49
"673",11562.6145833333,1,NA,NA,33.5,"A",63.93
"674",11562.7395833333,1,NA,NA,36.5,"A",58.64
"675",11562.8645833333,1,NA,NA,15.9,"A",54.03
"676",11562.9895833333,1,NA,NA,19.4,"A",56.82
"677",11563.1145833333,1,NA,NA,16.3,"A",60.33
"678",11563.2395833333,1,NA,NA,12.1,"A",57.68
"679",11563.3645833333,1,NA,NA,15,"A",53.28
"680",11563.4895833333,1,NA,NA,19.5,"A",49.81
"681",11563.6145833333,1,NA,NA,25.5,"A",45.33
"682",11563.7395833333,1,NA,NA,25.4,"A",44.87
"683",11563.8645833333,1,NA,NA,27.7,"A",48.05
"684",11563.9895833333,1,NA,NA,24.5,"A",52.83
"685",11564.1145833333,1,NA,NA,27.1,"A",54.41
"686",11564.2395833333,1,NA,NA,28,"A",55.08
"687",11564.3645833333,1,NA,NA,27.7,"A",55.8
"688",11564.4895833333,1,NA,NA,29.9,"A",56.98
"689",11564.6145833333,1,NA,NA,33,"A",57.92
"690",11564.7395833333,1,NA,NA,31,"A",57.87
"691",11564.8645833333,1,NA,NA,28.4,"A",56.2
"692",11564.9895833333,1,NA,NA,29,"A",54.64
"693",11565.1145833333,1,NA,NA,20,"A",51.11
"694",11565.2395833333,1,NA,NA,26.8,"A",46.75
"695",11565.3645833333,1,NA,NA,23.7,"A",43.17
"696",11566.5833333333,1,0.063,1.17,23.4,"R",22.9
"697",11567.5833333333,1,0.03,0.82,17.9,"C",15.25
"698",11568.0104166667,1,NA,NA,14.8,"A",13.73
"699",11568.1354166667,1,NA,NA,15.7,"A",13.22
"700",11568.2604166667,1,NA,NA,21.4,"A",12.5
"701",11568.3854166667,1,NA,NA,21.8,"A",11.85
"702",11568.5104166667,1,NA,NA,16.9,"A",11.41
"703",11568.6354166667,1,NA,NA,29.5,"A",11.11
"704",11568.7604166667,1,NA,NA,17.1,"A",10.89
"705",11568.8854166667,1,NA,NA,17.4,"A",10.66
"706",11569.0104166667,1,NA,NA,15.9,"A",10.76
"707",11569.1354166667,1,NA,NA,14.8,"A",10.24
"708",11569.2604166667,1,NA,NA,15.7,"A",9.82
"709",11569.3854166667,1,NA,NA,17.8,"A",9.41
"710",11569.5104166667,1,NA,NA,16.8,"A",9.18
"711",11569.6354166667,1,NA,NA,15.2,"A",8.98
"712",11569.7604166667,1,NA,NA,15.3,"A",8.83
"713",11569.8854166667,1,NA,NA,14.5,"A",8.67
"714",11570.0104166667,1,NA,NA,13.6,"A",8.57
"715",11570.1354166667,1,NA,NA,14.2,"A",8.35
"716",11570.2604166667,1,NA,NA,14.4,"A",8.03
"717",11570.3854166667,1,NA,NA,15.4,"A",7.78
"718",11570.5104166667,1,NA,NA,14.4,"A",7.6
"719",11570.5833333333,1,0.031,0.68,14.3,"C",7.53
"720",11570.6354166667,1,NA,NA,13.4,"A",7.5
"721",11570.7604166667,1,NA,NA,10.8,"A",7.43
"722",11570.8854166667,1,NA,NA,13.2,"A",7.36
"723",11574.5833333333,1,NA,NA,11.7,"W",4.5
"724",11579.1145833333,1,NA,NA,5.2,"A",8.44
"725",11579.2395833333,1,NA,NA,3.6,"A",9.38
"726",11579.3645833333,1,NA,NA,6.4,"A",9.18
"727",11579.4895833333,1,NA,NA,3.7,"A",9.22
"728",11579.6145833333,1,NA,NA,4.1,"A",9.35
"729",11579.7395833333,1,NA,NA,5.5,"A",9.33
"730",11579.8645833333,1,NA,NA,4.3,"A",9.33
"731",11579.9895833333,1,NA,NA,5.6,"A",22.26
"732",11580.1145833333,1,NA,NA,7.8,"A",47.54
"733",11580.2395833333,1,NA,NA,9.5,"A",44.92
"734",11580.3645833333,1,NA,NA,17.3,"A",40.74
"735",11580.4895833333,1,NA,NA,9.2,"A",37.19
"736",11580.6145833333,1,NA,NA,8.1,"A",33.95
"737",11580.7395833333,1,NA,NA,7.8,"A",31.11
"738",11580.8645833333,1,NA,NA,6.6,"A",28.71
"739",11580.9895833333,1,NA,NA,5.4,"A",27.09
"740",11581.1145833333,1,NA,NA,3.7,"A",24.95
"741",11581.2395833333,1,NA,NA,4.9,"A",22.89
"742",11581.3645833333,1,NA,NA,4.1,"A",20.98
"743",11581.4895833333,1,NA,NA,5.4,"A",19.52
"744",11581.6145833333,1,NA,NA,6.2,"A",18.44
"745",11581.7395833333,1,NA,NA,6.1,"A",17.47
"746",11581.8645833333,1,NA,NA,4,"A",16.68
"747",11581.9895833333,1,NA,NA,4.6,"A",16.29
"748",11584.5833333333,1,0.026,0.7,6.1,"W",6.67
"749",11585.5833333333,1,0.024,0.69,6.2,"C",5.82
"750",11599.5729166667,1,NA,NA,10.9,"A",6.77
"751",11599.6979166667,1,NA,NA,35.9,"A",7.31
"752",11599.8229166667,1,NA,NA,10,"A",7.51
"753",11599.9479166667,1,NA,NA,5.9,"A",7.7
"754",11600.0729166667,1,NA,NA,7.8,"A",7.39
"755",11600.1979166667,1,NA,NA,4.9,"A",6.9
"756",11600.3229166667,1,NA,NA,6,"A",6.46
"757",11600.4479166667,1,NA,NA,7.2,"A",6.72
"758",11600.5729166667,1,NA,NA,3.7,"A",7.17
"759",11600.6979166667,1,NA,NA,4.1,"A",7.07
"760",11600.8229166667,1,NA,NA,4.1,"A",6.77
"761",11600.9479166667,1,NA,NA,4,"A",6.53
"762",11601.0729166667,1,NA,NA,4.9,"A",6.24
"763",11601.1979166667,1,NA,NA,5.1,"A",5.79
"764",11601.3229166667,1,NA,NA,5.7,"A",5.36
"765",11601.4479166667,1,NA,NA,5.4,"A",5.12
"766",11601.5729166667,1,NA,NA,5.9,"A",4.87
"767",11601.6979166667,1,NA,NA,6.9,"A",4.66
"768",11601.8229166667,1,NA,NA,8.6,"A",4.56
"769",11601.9479166667,1,NA,NA,9.2,"A",4.43
"770",11602.0729166667,1,NA,NA,8.2,"A",4.25
"771",11602.1979166667,1,NA,NA,8.3,"A",4.09
"772",11602.3229166667,1,NA,NA,7.3,"A",3.94
"773",11604,1,0.014,0.5,3.2,"R",3.43
"774",11610.4479166667,1,NA,NA,7,"A",2.08
"777",11653.0833333333,1,0.007,0.38,1.4,"R",0.4
"778",11723.5833333333,1,0.201,2.18,241,"C",0
"779",11723.65625,1,NA,NA,43.2,"A",4.89
"780",11723.78125,1,NA,NA,40.9,"A",32.5
"781",11723.90625,1,NA,NA,243,"A",37.06
"782",11724.03125,1,NA,NA,255,"A",34.81
"783",11724.15625,1,NA,NA,288,"A",30.93
"784",11724.28125,1,NA,NA,456,"A",26.6
"785",11724.40625,1,NA,NA,577,"A",23.1
"786",11724.53125,1,NA,NA,619,"A",20.28
"787",11724.65625,1,NA,NA,336,"A",18.51
"788",11724.78125,1,NA,NA,248,"A",19.11
"789",11724.90625,1,NA,NA,197,"A",19.96
"790",11725.03125,1,NA,NA,139,"A",20.68
"791",11725.15625,1,NA,NA,135,"A",25.62
"792",11725.28125,1,NA,NA,127,"A",30.02
"793",11725.40625,1,NA,NA,98,"A",28.81
"794",11725.53125,1,NA,NA,96,"A",26.31
"795",11725.65625,1,NA,NA,73.4,"A",24.32
"796",11727.5833333333,1,0.037,1.1,NA,"W",8
"797",11732.5833333333,1,0.024,0.53,13.1,"W",4.02
"798",11733.09375,1,NA,NA,42.6,"A",3.57
"799",11733.21875,1,NA,NA,40.9,"A",3.43
"800",11733.34375,1,NA,NA,35.2,"A",3.22
"801",11733.46875,1,NA,NA,23.5,"A",3.09
"802",11733.5833333333,1,0.078,1,86.4,"C",3.26
"803",11733.59375,1,NA,NA,22.2,"A",3.3
"804",11733.71875,1,NA,NA,21.3,"A",4.02
"805",11733.84375,1,NA,NA,19.1,"A",4.02
"806",11733.96875,1,NA,NA,13.9,"A",3.79
"807",11734.09375,1,NA,NA,21.1,"A",3.76
"808",11734.21875,1,NA,NA,20,"A",5.2
"809",11734.34375,1,NA,NA,27.9,"A",9.54
"810",11734.46875,1,NA,NA,24,"A",8.69
"814",11734.59375,1,NA,NA,19.1,"A",9.17
"815",11734.71875,1,NA,NA,15.4,"A",9.23
"816",11734.84375,1,NA,NA,14.1,"A",8.51
"817",11734.96875,1,NA,NA,10.6,"A",7.97
"818",11735.09375,1,NA,NA,7.6,"A",7.22
"819",11735.21875,1,NA,NA,7.3,"A",6.72
"820",11735.34375,1,NA,NA,16.4,"A",6.43
"821",11735.46875,1,NA,NA,63.4,"A",6.23
"826",11735.6354166667,1,NA,NA,204,"A",6.05
"827",11735.71875,1,NA,NA,495,"A",6.1
"828",11735.84375,1,NA,NA,602,"A",6.19
"829",11735.96875,1,NA,NA,545,"A",7.76
"832",11737.0729166667,1,NA,NA,361,"A",12.79
"833",11737.0833333333,1,0.097,0.74,425,"R",12.69
"834",11737.1979166667,1,NA,NA,313,"A",12.11
"835",11737.3229166667,1,NA,NA,356,"A",11.5
"836",11737.4479166667,1,NA,NA,354,"A",10.92
"837",11737.5729166667,1,NA,NA,336,"A",10.39
"838",11737.6979166667,1,NA,NA,285,"A",10
"839",11737.8229166667,1,NA,NA,238,"A",9.87
"840",11737.9479166667,1,NA,NA,210,"A",9.76
"841",11738.0729166667,1,NA,NA,192,"A",9.3
"842",11738.1979166667,1,NA,NA,190,"A",8.68
"843",11738.3229166667,1,NA,NA,156,"A",8
"844",11738.4479166667,1,NA,NA,137,"A",7.49
"845",11738.5729166667,1,NA,NA,98.8,"A",7.16
"846",11738.6979166667,1,NA,NA,84.8,"A",6.83
"847",11738.8229166667,1,NA,NA,96.3,"A",6.51
"848",11738.9479166667,1,NA,NA,92.7,"A",6.33
"849",11739.0729166667,1,NA,NA,80.1,"A",6.32
"850",11739.1979166667,1,NA,NA,83.5,"A",6.28
"851",11739.3229166667,1,NA,NA,69.5,"A",5.92
"852",11739.4479166667,1,NA,NA,72,"A",5.58
"853",11739.5729166667,1,NA,NA,67.9,"A",5.39
"854",11739.5833333333,1,0.044,0.54,24.3,"C",5.38
"855",11739.6979166667,1,NA,NA,55.8,"A",5.27
"856",11739.8229166667,1,NA,NA,49.1,"A",5.15
"857",11739.9479166667,1,NA,NA,59.9,"A",5.17
"858",11740.0833333333,1,NA,NA,47.8,"A",4.91
"859",11740.2083333333,1,NA,NA,44.3,"A",4.67
"860",11740.3333333333,1,NA,NA,43.7,"A",4.28
"861",11740.4583333333,1,NA,NA,33.6,"A",4.08
"862",11740.5833333333,1,NA,NA,32.2,"A",3.99
"863",11740.7083333333,1,NA,NA,33.9,"A",3.9
"864",11740.8333333333,1,NA,NA,32.3,"A",3.83
"865",11740.9583333333,1,NA,NA,33.7,"A",3.93
"866",11741.0833333333,1,NA,NA,32,"A",3.9
"867",11741.2083333333,1,NA,NA,32.7,"A",3.79
"868",11741.3333333333,1,NA,NA,33.1,"A",3.6
"869",11741.4583333333,1,NA,NA,32.2,"A",3.49
"870",11741.5833333333,1,NA,NA,31.8,"A",3.42
"871",11741.7083333333,1,NA,NA,32.3,"A",3.36
"872",11741.8333333333,1,NA,NA,31.2,"A",3.3
"873",11741.9583333333,1,NA,NA,29.4,"A",3.3
"874",11742.0833333333,1,NA,NA,29.9,"A",3.2
"875",11742.2083333333,1,NA,NA,28.3,"A",3.01
"876",11742.3333333333,1,NA,NA,27.9,"A",2.89
"877",11742.4583333333,1,NA,NA,27.1,"A",2.78
"880",11742.7083333333,1,NA,NA,26.3,"A",2.69
"881",11742.8333333333,1,NA,NA,27.1,"A",2.64
"882",11742.9583333333,1,NA,NA,24.6,"A",2.65
"883",11773.0833333333,1,0.012,0.51,8.3,"R",0.33
"884",11773.5833333333,1,0.13,1.1,362,"C",0.27
"885",11774.5520833333,1,NA,NA,17.3,"A",1.11
"886",11774.5833333333,1,0.13,1.27,462,"C",1.27
"887",11774.6770833333,1,NA,NA,21.5,"A",1.3
"888",11774.8020833333,1,NA,NA,16,"A",6.41
"889",11774.9270833333,1,NA,NA,32,"A",42.64
"890",11775.0520833333,1,NA,NA,79.9,"A",32.79
"891",11775.1770833333,1,NA,NA,415,"A",25.31
"892",11775.3020833333,1,NA,NA,1000,"A",21.05
"893",11775.4270833333,1,NA,NA,1000,"A",20.05
"894",11775.5520833333,1,NA,NA,1000,"A",20.15
"895",11775.6770833333,1,NA,NA,1000,"A",18.79
"896",11775.8020833333,1,NA,NA,864,"A",17.15
"897",11775.9270833333,1,NA,NA,721,"A",18.21
"898",11776.0520833333,1,NA,NA,484,"A",19.56
"899",11776.1770833333,1,NA,NA,489,"A",19.48
"900",11776.3020833333,1,NA,NA,295,"A",19.2
"901",11776.4270833333,1,NA,NA,244,"A",18.57
"902",11776.5520833333,1,NA,NA,179,"A",17.72
"903",11776.6770833333,1,NA,NA,166,"A",16.82
"904",11776.8020833333,1,NA,NA,159,"A",15.75
"905",11776.9270833333,1,NA,NA,171,"A",14.57
"906",11777.0520833333,1,NA,NA,157,"A",13.64
"907",11777.1770833333,1,NA,NA,143,"A",12.48
"908",11777.3020833333,1,NA,NA,146,"A",11.31
"909",11777.4270833333,1,NA,NA,100,"A",10.19
"910",11778.2708333333,1,NA,NA,96.7,"A",6.64
"911",11778.3958333333,1,NA,NA,52.9,"A",6.21
"912",11778.5208333333,1,NA,NA,49.1,"A",5.95
"913",11778.6458333333,1,NA,NA,42.3,"A",5.71
"914",11778.7708333333,1,NA,NA,54.8,"A",5.48
"915",11778.8958333333,1,NA,NA,43.7,"A",5.3
"916",11779.0208333333,1,NA,NA,42.8,"A",5.24
"917",11779.1458333333,1,NA,NA,39.6,"A",4.98
"918",11779.2708333333,1,NA,NA,42.7,"A",4.69
"919",11779.3958333333,1,NA,NA,38.8,"A",4.4
"920",11779.5208333333,1,NA,NA,27.9,"A",4.23
"921",11780.3958333333,1,NA,NA,14.7,"A",3.2
"922",11780.5833333333,1,0.023,0.48,17.1,"W",3.05
"923",11807.0833333333,1,0.012,0.29,5.6,"R",1.35
"924",11821.0833333333,1,0.007,0.3,4.2,"R",0.5
"925",11849.0833333333,1,0.007,0.29,2.8,"R",0.7
"926",11877.0833333333,1,0.003,0.21,2.3,"R",0.85
"927",11904.0833333333,1,0.004,0.22,2.1,"R",0.65
"928",11934.0833333333,1,0.007,0.22,2.3,"R",0.48
"929",11962.0833333333,1,0.008,0.33,3.4,"R",0.24
"930",11989.0833333333,1,0.017,0.48,5.2,"R",0
"931",12129.0833333333,1,0.018,0.45,5.6,"R",1.51
"932",12156.0833333333,1,0.014,0.34,4.2,"R",0.24
"933",12185.0833333333,1,0.005,0.27,7.6,"R",0.33
"934",12189.5833333333,1,NA,NA,11.8,"A",0.74
"935",12189.7083333333,1,NA,NA,10.2,"A",1.29
"936",12189.8333333333,1,NA,NA,8.5,"A",2.03
"937",12189.9583333333,1,NA,NA,10.1,"A",2.97
"938",12190.0833333333,1,NA,NA,12.4,"A",5.2
"939",12190.2083333333,1,NA,NA,14.3,"A",6.56
"940",12190.3333333333,1,NA,NA,12.5,"A",7.13
"941",12190.4583333333,1,NA,NA,14.8,"A",7.49
"942",12190.5833333333,1,NA,NA,17.7,"A",8.1
"943",12190.7083333333,1,NA,NA,14.3,"A",8.57
"944",12190.8333333333,1,NA,NA,16.2,"A",9.11
"945",12190.9583333333,1,NA,NA,19.7,"A",9.66
"946",12191.0833333333,1,NA,NA,24.2,"A",10.32
"947",12191.2083333333,1,NA,NA,19.2,"A",10.65
"948",12191.3333333333,1,NA,NA,14,"A",10.55
"949",12191.4583333333,1,NA,NA,16.8,"A",10.24
"950",12191.5833333333,1,NA,NA,19.8,"A",9.86
"951",12191.7083333333,1,NA,NA,16.3,"A",9.26
"952",12191.8333333333,1,NA,NA,15.8,"A",8.68
"953",12191.9583333333,1,NA,NA,15.2,"A",8.16
"954",12192.0833333333,1,NA,NA,9.2,"A",7.64
"955",12192.2083333333,1,NA,NA,9,"A",7.11
"956",12192.3333333333,1,NA,NA,9.2,"A",6.5
"957",12192.4583333333,1,NA,NA,10.1,"A",6.07
"958",12194.5833333333,1,0.02,0.87,4,"W",3.37
"961",12199.7916666667,1,NA,NA,10.7,"A",5.65
"962",12199.9166666667,1,NA,NA,9,"A",8.57
"963",12200.0416666667,1,NA,NA,7.4,"A",11.03
"964",12200.1666666667,1,NA,NA,7.1,"A",10.22
"965",12200.2916666667,1,NA,NA,5.4,"A",9.31
"966",12200.4166666667,1,NA,NA,6.4,"A",8.65
"967",12200.5416666667,1,NA,NA,5.4,"A",8.1
"968",12200.6666666667,1,NA,NA,6.7,"A",7.71
"969",12200.7916666667,1,NA,NA,8.1,"A",7.37
"970",12200.9166666667,1,NA,NA,6.7,"A",7.03
"971",12201.0416666667,1,NA,NA,8.8,"A",6.77
"972",12201.1666666667,1,NA,NA,9.9,"A",6.62
"973",12201.2916666667,1,NA,NA,8.3,"A",6.32
"974",12201.4166666667,1,NA,NA,9.5,"A",6.08
"975",12201.5416666667,1,NA,NA,9.4,"A",5.99
"976",12201.6666666667,1,NA,NA,10.4,"A",6.05
"977",12201.7916666667,1,NA,NA,8.4,"A",6.15
"978",12201.9166666667,1,NA,NA,9.5,"A",6.24
"979",12202.0416666667,1,NA,NA,9.4,"A",6.32
"980",12202.0833333333,1,0.033,1.77,NA,"S",6.27
"981",12202.1666666667,1,NA,NA,8.7,"A",6.1
"982",12208.5833333333,1,0.019,0.87,NA,"S",3.95
"983",12214.5833333333,1,0.022,1.09,5.5,"S",3.27
"984",12215.0833333333,1,0.021,1.05,5.5,"R",3.43
"985",12240.5833333333,1,0.02,0.6,5.5,"R",7.13
"986",12257.5833333333,1,0.013,0.56,4.2,"S",5.54
"987",12268.5833333333,1,0.016,0.51,3.7,"R",5.25
"988",12285.5833333333,1,0.018,0.56,4.9,"S",5.51
"989",12295.5833333333,1,0.016,0.43,4.8,"R",4.72
"990",12313.5833333333,1,0.018,0.62,5.7,"S",3.25
"991",12324.5833333333,1,0.016,0.44,4.2,"R",2.16
"992",12341.5833333333,1,0.012,0.45,3.8,"S",2.71
"993",12351.5833333333,1,0.01,0.37,3.9,"R",1.08
"994",12369.5833333333,1,0.018,0.43,15.2,"S",0.21
"1002",12380.2916666667,1,0.019,0.44,6.8,"C",0.64
"1017",12385.5833333333,1,0.012,0.31,4.1,"R",1.71
"1018",12397.15625,1,0.011,0.37,5.6,"S",2.67
"1019",12402.5833333333,1,0.012,0.42,5.5,"R",2.23
"1020",12425.1770833333,1,0.019,0.39,7.8,"S",1.81
"1021",12437.5833333333,1,0.015,0.39,6.3,"R",2.09
"1022",12452.5833333333,1,0.021,0.56,7.3,"S",1.54
"1023",12464.5833333333,1,0.025,0.45,11.8,"R",0.08
"1026",12500.5833333333,1,0.023,0.48,9.1,"R",0.1
"1027",12506.5833333333,1,0.03,0.49,11.7,"S",0.08
"1028",12521.5833333333,1,0.02,0.4,7.6,"R",0.05
"1029",12536.5833333333,1,0.023,0.46,11.6,"S",2.1
"1030",12547.5833333333,1,0.014,0.4,5.1,"R",NA
"1031",12564.5833333333,1,0.014,0.36,4.2,"S",NA
"1032",12575.5833333333,1,0.012,0.31,3.5,"R",0.18
"1033",12593.5833333333,1,0.013,0.27,3.7,"S",0.04
"1034",12604.5833333333,1,0.011,0.24,4.4,"R",NA
"1035",12620.5833333333,1,0.009,0.24,3,"S",0.06
"1036",12631.5833333333,1,0.012,0.25,5.9,"R",0.13
"1037",12648.5833333333,1,0.009,0.25,4.3,"S",0.07
"1038",12660.5833333333,1,0.015,0.32,5.8,"R",0.02
"1039",12674.5833333333,1,0.015,0.3,5.3,"S",0.06
"1040",12689.5833333333,1,0.021,0.28,5.5,"R",0.04
"1041",12717.5833333333,1,0.02,0.35,4.6,"R",1.78
"1042",12731.5833333333,1,0.057,0.87,20.1,"S",5.66
"1043",12731.9479166667,1,0.024,0.85,20.1,"W",5.59
"1044",12745.5833333333,1,0.019,0.43,9.2,"R",4.75
"1045",12758.5833333333,1,0.024,0.48,12.4,"S",NA
"1046",12771.5833333333,1,0.026,0.53,8,"R",4.69
"1047",12788.5833333333,1,0.02,0.44,9,"S",3.89
"1048",12801.5833333333,1,0.023,0.5,10.3,"R",3.84
"1049",12814.5833333333,1,0.03,0.51,11.8,"S",1.43
"1050",12817.9479166667,1,0.033,0.62,3.9,"W",3.42
"1051",12829.5833333333,1,0.025,0.59,17.5,"R",2.09
"1052",12834.15625,1,0.058,1.43,50.3,"W",2.53
"1053",12834.9270833333,1,0.291,2.6,725,"C",70.86
"1054",12842.5833333333,1,0.04,0.89,26.6,"S",3.53
"1055",12855.5833333333,1,0.028,0.49,14.3,"R",4.09
"1056",12872.5833333333,1,0.024,0.53,12.7,"S",4.54
"1057",12883.5833333333,1,0.036,0.52,14.3,"R",1.28
"1058",12900.5833333333,1,0.022,0.44,8.4,"S",0.21
"1059",12912.5833333333,1,0.02,0.41,8.2,"R",0.03
"1060",12926.5833333333,1,0.019,0.48,7.4,"S",4.13
"1061",12941.5833333333,1,0.019,0.38,6.5,"R",2.51
"1062",12956.5833333333,1,0.015,0.37,4.9,"S",1.82
"1063",12965.0104166667,1,0.193,1.53,153,"C",23.86
"1064",12966.5833333333,1,0.092,1.43,62.8,"R",31.93
"1091",12974.0208333333,1,NA,NA,20.9,"A",8.51
"1092",12974.1458333333,1,NA,NA,36.5,"A",10.57
"1093",12974.2708333333,1,NA,NA,47.7,"A",10.57
"1094",12974.3958333333,1,NA,NA,30.6,"A",10.5
"1095",12974.5208333333,1,NA,NA,27.3,"A",10.74
"1096",12974.6458333333,1,NA,NA,22.7,"A",11.15
"1097",12974.7708333333,1,NA,NA,33.1,"A",12.39
"1098",12974.8958333333,1,NA,NA,27.4,"A",14.94
"1099",12975.0208333333,1,NA,NA,23.3,"A",16.12
"1100",12975.1458333333,1,NA,NA,26.4,"A",15.89
"1101",12975.2708333333,1,NA,NA,25.6,"A",15.12
"1102",12975.3958333333,1,NA,NA,32.9,"A",14.31
"1103",12975.5208333333,1,NA,NA,30,"A",14.07
"1104",12975.6458333333,1,NA,NA,27.9,"A",14.04
"1105",12975.7708333333,1,NA,NA,27.9,"A",14.12
"1106",12975.8958333333,1,NA,NA,25.9,"A",14.13
"1107",12976.0208333333,1,NA,NA,24.6,"A",14.63
"1108",12976.1458333333,1,NA,NA,17.6,"A",15.35
"1109",12976.2708333333,1,NA,NA,24.3,"A",15.39
"1110",12976.3958333333,1,NA,NA,23.3,"A",14.91
"1111",12976.5208333333,1,NA,NA,25,"A",14.28
"1112",12976.6458333333,1,NA,NA,25.1,"A",13.56
"1113",12976.7708333333,1,NA,NA,26.6,"A",13.24
"1114",12976.8958333333,1,NA,NA,28.8,"A",18.57
"1115",12982.1875,1,0.089,0.85,31.2,"C",7.47
"1116",12984.5833333333,1,0.025,0.83,9.6,"S",6.21
"1117",12996.5833333333,1,0.025,0.55,7.6,"R",5.25
"1118",13012.5833333333,1,0.027,0.43,10.2,"S",4.63
"1119",13024.5833333333,1,0.029,0.45,8.7,"R",2.4
"1120",13047.5833333333,1,0.024,0.43,7.2,"S",2.75
"1121",13053.5833333333,1,0.032,0.7,12.3,"R",5.03
"1124",13059.1666666667,1,0.057,1.16,NA,"W",7.11
"1125",13069.5833333333,1,0.028,0.58,12.3,"S",4.83
"1126",13080.8958333333,1,0.029,0.52,10.9,"R",3.97
"1127",13117.15625,1,0.01,0.4,18.2,"R",9.12
"1130",13119.0625,1,NA,NA,42.1,"A",21.96
"1133",13119.0833333333,1,NA,NA,38,"A",21.75
"1136",13119.1041666667,1,NA,NA,69.8,"A",21.47
"1139",13119.125,1,NA,NA,57.1,"A",21.22
"1140",13119.1354166667,1,NA,NA,42.8,"A",21.13
"1141",13119.1979166667,1,0.04,0.8,28.1,"R",20.31
"1142",13119.3020833333,1,NA,NA,40.4,"A",18.88
"1143",13119.5520833333,1,NA,NA,57,"A",17.34
"1144",13119.8020833333,1,NA,NA,46.4,"A",16.11
"1145",13120.0520833333,1,NA,NA,35.4,"A",19.63
"1146",13120.3020833333,1,NA,NA,36,"A",28.64
"1147",13120.5520833333,1,NA,NA,49.6,"A",43.61
"1148",13120.8020833333,1,NA,NA,65.9,"A",39.36
"1149",13121.0520833333,1,NA,NA,93.7,"A",37.12
"1150",13121.3020833333,1,NA,NA,52.1,"A",34.71
"1151",13121.5520833333,1,NA,NA,75.2,"A",30.6
"1152",13121.8020833333,1,NA,NA,44.1,"A",27.5
"1153",13146.21875,1,0.01,0.3,10.2,"R",0.59
"1154",13147.2395833333,1,0.01,0.5,27.2,"A",0.54
"1155",13147.53125,1,NA,NA,26.9,"C",0.46
"1156",13164.40625,1,NA,NA,39.1,"A",12.74
"1157",13164.53125,1,NA,NA,105,"A",20.38
"1158",13164.65625,1,NA,NA,54.4,"A",83.46
"1159",13164.78125,1,0.17,1.6,410,"A",91.58
"1160",13164.90625,1,NA,NA,776,"A",164.41
"1161",13165.03125,1,0.06,0.8,983,"A",163.44
"1162",13165.15625,1,NA,NA,999,"A",123.2
"1163",13165.28125,1,0.03,0.9,736,"A",106.11
"1164",13165.40625,1,NA,NA,563,"A",124.08
"1165",13165.53125,1,0.21,1.8,644,"A",134.2
"1166",13165.5833333333,1,0.1,1.6,181,"R",132.73
"1167",13165.65625,1,NA,NA,700,"A",127.02
"1168",13165.78125,1,0.19,1.7,642,"A",104.15
"1169",13165.8541666667,1,NA,NA,131,"A",92.48
"1170",13165.90625,1,NA,NA,461,"A",85.07
"1173",13166.0416666667,1,NA,NA,83.5,"C",69.58
"1174",13166.1041666667,1,NA,NA,166,"A",65.21
"1175",13166.2291666667,1,NA,NA,130,"A",59.39
"1176",13166.6041666667,1,NA,NA,91.1,"A",116.55
"1177",13166.7291666667,1,NA,NA,112,"A",137.05
"1178",13166.8125,1,NA,NA,63.9,"C",142.45
"1179",13166.8541666667,1,NA,NA,96.6,"A",142.48
"1180",13166.9791666667,1,0.12,1.3,93.1,"A",133.68
"1181",13167.2291666667,1,NA,NA,96.8,"A",108.26
"1182",13167.4791666667,1,NA,NA,88.3,"A",86.17
"1183",13167.6041666667,1,NA,NA,72.2,"A",78.17
"1184",13167.7291666667,1,NA,NA,71.8,"A",71.2
"1185",13167.8541666667,1,NA,NA,72.1,"A",65.66
"1186",13167.9791666667,1,0.07,1.1,49.2,"A",62.41
"1187",13168.2083333333,1,NA,NA,22.6,"A",57.12
"1188",13168.2916666667,1,0.12,1,27.6,"A",55.02
"1189",13168.4583333333,1,NA,NA,18.8,"A",51.33
"1190",13168.5833333333,1,0.12,1,20.6,"A",50.12
"1191",13168.7083333333,1,NA,NA,27.3,"A",48.69
"1192",13168.8333333333,1,0.13,1,41.2,"A",46.94
"1193",13168.9583333333,1,NA,NA,26.8,"A",44.9
"1194",13169.0833333333,1,0.11,1,23,"A",42.3
"1195",13169.2083333333,1,NA,NA,23.6,"A",39.32
"1196",13169.2916666667,1,0.13,0.9,26.7,"A",36.71
"1197",13169.4583333333,1,NA,NA,30.7,"A",32.87
"1198",13169.5833333333,1,0.1,0.8,23.5,"A",30.66
"1199",13169.7083333333,1,NA,NA,22.6,"A",28.75
"1200",13169.8333333333,1,0.12,1,14.4,"A",27.08
"1201",13169.9583333333,1,NA,NA,25.2,"A",26.12
"1202",13170.0833333333,1,0.09,1,17.1,"A",24.58
"1203",13170.2083333333,1,NA,NA,22,"A",22.95
"1204",13170.3333333333,1,0.09,0.9,15.5,"A",21.44
"1205",13170.4583333333,1,NA,NA,18.4,"A",20.09
"1206",13170.5833333333,1,0.07,0.8,21.1,"A",19.03
"1207",13170.7083333333,1,NA,NA,23.9,"A",18.12
"1208",13170.8333333333,1,0.1,1,14.4,"A",17.36
"1209",13170.90625,1,0.06,0.9,13,"A",17.25
"1210",13170.9583333333,1,NA,NA,17,"A",17
"1211",13171.03125,1,NA,NA,9.16,"A",16.49
"1212",13171.15625,1,0.1,1.2,13.6,"A",15.69
"1213",13171.28125,1,NA,NA,19.7,"A",14.68
"1214",13171.34375,1,NA,NA,7.63,"A",14.2
"1215",13171.53125,1,NA,NA,15.2,"A",13.04
"1216",13171.65625,1,0.06,0.9,13.8,"A",12.61
"1217",13171.78125,1,NA,NA,9.95,"A",12.28
"1218",13171.90625,1,0.06,0.9,12.1,"A",11.94
"1219",13172.03125,1,NA,NA,9.57,"A",11.68
"1220",13172.15625,1,0.07,0.9,17,"A",11.21
"1221",13172.28125,1,NA,NA,10.9,"A",10.83
"1222",13172.40625,1,0.05,0.8,13.3,"A",10.47
"1223",13201.5833333333,1,0.04,0.6,33,"R",1.14
"1224",13236.5833333333,1,0.01,0.4,10.9,"R",0.26
"1225",13258.5833333333,1,0.01,0.4,8.2,"R",0.44
"1228",13314.2083333333,1,0.01,0.3,5.7,"D",2.45
"1229",13314.25,1,0.01,0.3,5.7,"R",2.4
"1230",13340.5833333333,1,0.01,0.6,7.32,"R",2.36
"1231",13366.5833333333,1,0.01,0.6,11.9,"R",6.3
"1232",13395.5833333333,1,0.01,0.5,18.2,"R",5.33
"1234",13398.5625,1,0.08,0.9,NA,"A",10.37
"1235",13423.5833333333,1,0.01,0.8,10.6,"R",0.71
"1236",13467.5833333333,1,0.03,0.4,10.7,"R",0.26
"1239",13509.5833333333,1,0.01,0.4,9.4,"R",0.08
"1240",13545.5833333333,1,0.02,0.6,10.9,"R",0
"1241",13564.9895833333,1,NA,NA,35.1,"A",10.8
"1242",13565,1,0.05,0.9,38.2,"A",10.7
"1243",13565.03125,1,0.06,0.7,17.9,"R",10.33
"1244",13572.2604166667,1,0.01,1.1,39.3,"A",16.68
"1245",13572.3854166667,1,0.01,1.2,54.4,"A",31.18
"1246",13572.5104166667,1,0.01,1.1,49.5,"A",24.38
"1247",13572.6354166667,1,0.06,1,44.9,"A",19.93
"1248",13572.7604166667,1,NA,NA,43.3,"A",16.97
"1249",13572.8854166667,1,0.05,1,37.4,"A",16.06
"1250",13573.0104166667,1,0.01,1.1,38,"A",18.4
"1251",13573.1354166667,1,0.11,1,30,"A",20.31
"1252",13573.2604166667,1,0.07,1,38.1,"A",19.23
"1253",13573.3854166667,1,NA,NA,75.1,"A",16.31
"1254",13573.5104166667,1,NA,NA,223,"A",14.97
"1255",13573.6354166667,1,NA,NA,284,"A",13.46
"1257",13576.0208333333,1,NA,1.3,122,"C",7.81
"1258",13592.5833333333,1,0.04,0.7,44.6,"R",6.34
"1259",13620.5833333333,1,0.08,0.5,24.1,"R",5.35
"1260",13648.5833333333,1,0.02,0.6,19.7,"R",5.13
"1261",13674.9583333333,1,0.07,0.8,53.1,"A",16.46
"1262",13675.0833333333,1,0.07,0.7,36.6,"A",27.28
"1263",13675.2083333333,1,0.1,0.8,67.8,"A",29.98
"1264",13675.3333333333,1,0.08,0.8,77.6,"A",30.46
"1265",13675.4583333333,1,0.12,0.9,68.1,"A",28.15
"1266",13675.5833333333,1,0.08,0.8,51.8,"A",25.72
"1267",13675.7083333333,1,0.07,0.8,38.3,"A",23.56
"1268",13675.8333333333,1,0.08,0.8,46.4,"A",21.52
"1269",13675.9583333333,1,0.08,0.8,45.4,"A",19.85
"1270",13676.0833333333,1,0.08,0.8,42,"A",18.34
"1271",13676.2083333333,1,0.09,0.8,48.2,"A",16.63
"1272",13676.3333333333,1,NA,NA,42.8,"A",14.96
"1273",13677.21875,1,0.02,0.9,36.9,"R",9.93
"1274",13677.9375,1,NA,1,85.1,"C",8.64
"1275",13679.2395833333,1,0.04,0.6,25.1,"A",12.09
"1276",13679.3645833333,1,NA,NA,62,"A",24.24
"1277",13679.4895833333,1,0.06,0.7,52,"A",53.16
"1278",13679.6145833333,1,0.1,0.9,112,"A",103.3
"1279",13679.7395833333,1,NA,NA,224,"A",159.21
"1280",13679.8645833333,1,0.22,1.5,448,"A",198.8
"1281",13679.9895833333,1,0.25,1.4,427,"A",214.15
"1282",13680.1145833333,1,0.23,1.4,352,"A",255.02
"1283",13680.2395833333,1,0.22,2.2,319,"A",334.85
"1284",13680.3645833333,1,0.25,1.5,389,"A",401.4
"1285",13680.4895833333,1,0.28,1.6,496,"A",464.58
"1287",13680.6145833333,1,0.34,1.6,548,"A",491.85
"1288",13680.9583333333,1,NA,1.4,235,"A",409.05
"1289",13681.0208333333,1,0.2,1.8,221,"A",372.15
"1290",13681.1458333333,1,0.2,2,335,"A",299.32
"1291",13681.1666666667,1,NA,0.2,274,"C",289.76
"1292",13681.2708333333,1,0.19,1.8,220,"A",246.45
"1293",13681.3958333333,1,0.12,1.6,223,"A",203.63
"1294",13681.5208333333,1,0.09,1.6,165,"A",171.47
"1295",13681.6458333333,1,0.1,1.4,139,"A",148.74
"1296",13681.7708333333,1,0.11,1.6,102,"A",131.21
"1297",13681.8958333333,1,0.08,1.4,71.5,"A",116.47
"1298",13682.0208333333,1,0.07,1.2,79.7,"A",105.62
"1299",13682.1458333333,1,0.07,1.3,74.9,"A",95.46
"1301",13683.0625,1,NA,2.1,132,"C",61.66
"1302",13683.7291666667,1,0.08,1,43.8,"A",66.05
"1303",13683.8541666667,1,NA,NA,45.1,"A",77.9
"1304",13683.9791666667,1,0.05,1.1,60.8,"A",143.46
"1305",13684.1041666667,1,0.07,1.2,44.4,"A",205.63
"1306",13684.1458333333,1,NA,0.9,45.9,"C",253.15
"1307",13684.2291666667,1,0.13,1.5,53.6,"A",336.62
"1308",13684.3541666667,1,0.12,1.4,191,"A",359.38
"1309",13684.4791666667,1,NA,NA,133,"A",345.32
"1311",13684.6041666667,1,NA,NA,251,"A",324.14
"1312",13684.7291666667,1,0.25,2,226,"A",307.76
"1313",13684.8541666667,1,0.1,1.2,183,"A",291.21
"1314",13684.9166666667,1,NA,1.2,170,"C",269.92
"1315",13684.9791666667,1,0.12,1.3,104,"A",244.51
"1316",13685.1041666667,1,0.11,1.1,97.9,"A",200.61
"1317",13690.90625,1,0.1,1.1,75.5,"A",183.07
"1318",13690.9375,1,NA,1.4,156,"S",214.85
"1319",13691.03125,1,0.12,1.1,121,"A",312.38
"1322",13691.28125,1,0.31,1.4,289,"A",256.13
"1323",13691.40625,1,0.44,1.6,433,"A",230.99
"1324",13691.53125,1,0.45,1.6,515,"A",223.79
"1325",13691.65625,1,0.39,1.3,470,"A",228.93
"1326",13691.78125,1,0.23,1.2,355,"A",230.12
"1327",13691.90625,1,0.24,1.3,240,"A",221.42
"1328",13692.03125,1,0.15,1.9,195,"A",206.96
"1329",13692.15625,1,0.23,1.1,236,"A",191.23
"1330",13692.5833333333,1,0.05,1.1,106,"S",147.55
"1332",13704.5833333333,1,0.05,1.2,NA,"R",74.61
"1333",13732.03125,1,0.01,0.6,8.42,"R",7.14
"1334",13758.5833333333,1,0.02,0.5,8.77,"R",5.09
"1335",13788.5833333333,1,0.01,0.5,9.72,"R",3.91
"1336",13815.5833333333,1,0.03,0.4,12,"R",2.56
"1337",13841.15625,1,0.06,1.7,83.1,"A",16.69
"1338",13841.28125,1,0.06,1.1,67.7,"A",15.97
"1339",13841.40625,1,0.08,0.9,50.7,"A",15.05
"1340",13841.53125,1,0.06,0.8,51.9,"A",15.24
"1341",13841.65625,1,0.06,0.7,39.1,"A",15.7
"1342",13841.78125,1,0.06,0.6,70.8,"A",16.22
"1343",13841.90625,1,0.12,1,212,"A",16.08
"1344",13842.03125,1,0.09,1.2,412,"A",15.37
"1345",13842.15625,1,0.08,1.1,311,"A",14.42
"1346",13842.28125,1,0.07,1.1,354,"A",13.4
"1347",13842.5833333333,1,0.04,0.8,48.3,"R",12.12
"1348",13843.9583333333,1,NA,0.8,48.9,"A",11.15
"1349",13846.9166666667,1,NA,NA,138,"A",13.48
"1350",13847.0416666667,1,0.04,0.6,27,"A",15.76
"1351",13847.1666666667,1,0.03,0.5,26.4,"A",14.28
"1352",13847.2916666667,1,0.03,0.5,29.6,"A",13.05
"1353",13847.4166666667,1,0.04,0.6,32.5,"A",13.15
"1354",13847.5416666667,1,NA,NA,36,"A",15.38
"1355",13847.6666666667,1,0.06,0.6,31.2,"A",14.14
"1356",13847.7916666667,1,NA,NA,28.7,"A",13.04
"1358",13851.1770833333,1,NA,NA,33.7,"A",8.44
"1359",13855.125,1,0.02,0.4,18.1,"A",12.74
"1360",13855.5416666667,1,0.02,0.4,22,"A",13.52
"1361",13855.6666666667,1,0.02,0.3,25.8,"A",14.92
"1362",13855.7916666667,1,0.02,0.3,20,"A",15.07
"1363",13855.9166666667,1,0.02,0.5,14.7,"A",15.17
"1364",13856.0416666667,1,0.01,0.3,10.9,"A",14.19
"1365",13866.5833333333,1,0.02,0.5,31.3,"R",8.57
"1366",13901.5833333333,1,0.03,0.6,19,"R",5.47
"1368",13915,1,0.03,0.4,37.2,"A",7.13
"1369",13917.59375,1,NA,0.7,NA,"A",12.21
"1370",13917.71875,1,0.05,1.1,17.1,"A",14.1
"1371",13917.84375,1,0.03,0.5,23.4,"A",15.69
"1372",13917.96875,1,0.02,0.4,24.5,"A",16.28
"1373",13918.09375,1,0.02,0.3,20.1,"A",16.38
"1374",13918.21875,1,0.04,0.5,33.1,"A",16.04
"1375",13918.34375,1,0.03,0.4,26.8,"A",15.27
"1376",13918.46875,1,0.04,0.5,53.4,"A",14.44
"1377",13918.59375,1,0.02,0.4,55.5,"A",14.25
"1378",13918.71875,1,0.03,0.4,42.8,"A",14.09
"1379",13918.84375,1,0.02,0.4,47.7,"A",14.04
"1380",13934.5833333333,1,0.02,0.4,17,"R",4.57
